,제목,가수,가사,좋아요
0,밤양갱,비비(BIBI),"떠나는 길에 니가 내게 말했지
'너는 바라는 게 너무나 많아
잠깐이라도 널 안 바라보면
머리에 불이 나버린다니까'
나는 흐르려는 눈물을 참고
하려던 얘길 어렵게 누르고
'그래 미안해'라는 한 마디로
너랑 나눈 날들 마무리했었지

달디달고 달디달고 달디단 밤양갱 밤양갱
내가 먹고 싶었던 건 달디단 밤양갱 밤양갱이야

떠나는 길에 니가 내게 말했지
'너는 바라는 게 너무나 많아'
아냐 내가 늘 바란 건 하나야
한 개뿐이야 달디단 밤양갱

달디달고 달디달고 달디단 밤양갱 밤양갱
내가 먹고 싶었던 건 달디단 밤양갱 밤양갱이야

상다리가 부러지고
둘이서 먹다 하나가 쓰러져버려도
나라는 사람을 몰랐던 넌

떠나가다가 돌아서서 말했지
'너는 바라는 게 너무나 많아'
아냐 내가 늘 바란 건 하나야
한 개뿐이야 달디단 밤양갱
Bugs 님이 등록해 주신 가사입니다.
가사 오류 제보","3,923"
1,To. X,태연 (TAEYEON),"처음 본 널 기억해
We skipped the small talk
바로 다음 단계였지 뭐
단점이라곤 없는 게 단점이라던
그 허세도 마냥 좋았어
하지만 내 일기가
재미없어진 이유
내가 없어진 나의
매일들은 허전해
좀 이상해 왜 둘 사이에
너만 너만 보이는 걸까
난 까다롭고 힘든 아이라
그런 피곤한 생각만 한대
오늘 나눈 문자 속에
새로 산 티셔츠
그 얘기뿐이야
이제야 난 알 것 같아
Gonna block you
불을 꺼 To. X
그 좋아했던 립스틱
싫단 말에 버린
널 좋아했던 만큼
다 맞추려 했어
‘나 아님 누가
그런 세상 안아주겠어’
그 말이 그땐 그리
달콤했던 거야 Oh no
새벽의 긴 통화도
이젠 피곤해졌어
Every day, every night
나로 채우고 싶어
좀 이상해 왜 둘 사이에
너만 너만 보이는 걸까
난 까다롭고 힘든 아이라
그런 피곤한 생각만 한대
오늘 나눈 문자 속에
새로 산 티셔츠
그 얘기뿐이야
이제야 난 알 것 같아
Gonna block you
불을 꺼 To. X
Gonna block you
불을 꺼 To. X
Say Bye
Gonna block you
불을 꺼 To. X
깜빡거리는
흔들거리는 Light
Gonna block you
불을 꺼 To. X
좀 이상해 왜 둘 사이에
너만 너만 보이는 걸까 (너만 보일까)
난 까다롭고 힘든 아이라
그런 피곤한 생각만 한대
오늘 나눈 문자 속에 (이제 불을 꺼)
새로 산 티셔츠
그 얘기뿐이야
이제야 난 알 것 같아
Gonna block you
불을 꺼 To. X
Gonna block you
불을 꺼 To. X
Bugs 님이 등록해 주신 가사입니다.
가사 오류 제보","3,889"
2,drinks or coffee,로제(ROSÉ),"Standing in the corner
Of a crowded place
This is boring
Till I heard your name
And now I'm staying for ya
We're just friends it's okay
Kinda weird how my night changed 

Is it just me
Starting to see
You in a different light
I know we can't say what we mean 
But I'm happy that you're here tonight 

I'm feeling so good
At a bad party
We don't have to talk
I know that you want me 
Gotta keep it nice 
We cannot be naughty 
We can get drinks
Or we could get coffee 

Feeling so good
At a bad party
We don't have to talk
I know that you want me 
Gotta keep it nice
We cannot be naughty 
We can get drinks
Or we could get coffee 

Is it so wrong
I've been thinking bout you
All day, yesterday, and today and tomorrow 
Is it so wrong
I've been bending the truth
All day, yesterday, and today and tomorrow 

Is it just me
Starting to see
You in a different light 
I know we can't say what we mean 
But you know that I mean it right 

I'm feeling so good
At a bad party
We don't have to talk
I know that you want me 
Gotta keep it nice 
We cannot be naughty 
We could get drinks 
Or we could get coffee 

Feeling so good
At a bad party
We don't have to talk
I know that you want me 
Gotta keep it nice
We cannot be naughty 
We could get drinks
Or we could get coffee 

Drinks,
Coffee,
Drinks,
Coffee,
Drinks,
Or coffee
Just call me yeah 
Drinks, 
Coffee,
Drinks,
Coffee,
Drinks,
Or coffee
Just call me yeah
Bugs 님이 등록해 주신 가사입니다.
가사 오류 제보",383
3,"무제(無題) (Untitled, 2014)",G-DRAGON,"나에게 돌아오기가 어렵고 힘든 걸 알아
이제 더는 상처받기가 두렵고 싫은 걸 알아
네가 떠나 버린 그날에도 모진 말로 널 울리고
뒤돌아 서서 후회해 미안해
제발 단 한 번이라도 너를 볼 수 있다면
내 모든 걸 다 잃어도 괜찮아
꿈에서라도 너를 만나 다시 사랑하기를
우리 이대로
너에게 용서받기 보다 죽는 게 더 쉬울지 몰라
이 노래를 불러보지만 내 진심이 닿을지 몰라
네가 행복하기를 바래 그 흔한 거짓말도 못하고
돌아오기만 기도해 미안해
제발 단 한 번이라도 너를 볼 수 있다면
내 모든 걸 다 잃어도 괜찮아
꿈에서라도 너를 만나 다시 사랑하기를
우리 이대로
이제는 끝이라는 마지막이라는
너의 그 맘을 난 믿을 수 없어
I can't let go, cuz you never know
내겐 너 같은 너에겐 나 같은
그런 사랑은 두 번 다시는 없어
Nobody knows we always know
제발 단 한 번이라도 너를 볼 수 있다면
내 모든 걸 다 잃어도 괜찮아
꿈에서라도 너를 만나 다시 사랑하기를
지금 이 시간이 지나가고 다 잊을 수 있다면
그 기억도 행복했던 추억도
아니 다음 생에도 너를 만나 다시 사랑하기를
예전 그대로
Bugs 님이 등록해 주신 가사입니다.
가사 오류 제보","18,544"
4,gameboy,로제(ROSÉ),"If crying was fun
I'll be having the time of my life
If loving you was a jump
Yeah I probably died a hundred ten times 

Gave you my favorite memories 
Yeah I hate the way I let you inside 
Just so you could take it for granted 
Two years, now I understand it 

Yeah you'll always be a gameboy 
These days I don't wanna play boy 
Say say what you wanna say 
You're never gonna change 
You'll only ever be a heartbreak, heartbreak 
Yeah you'll only ever be a heartbreak, heartbreak 

Yeah you got a little too good 
acting like a good guy
And I bought it for a minute 
but isn't what you made it look like 
Yeah you got a cute face, 
and that kept me entertained
And the way you say my name
Won't lie it felt amazing
But you took my love for granted
And it took me two years to understand it 

Yeah you'll always be a gameboy 
These days I don't wanna play boy 
Say say what you wanna say 
You're never gonna change 
You'll only ever be a heartbreak 

Yeah you'll always be a gameboy 
All day keep me on the chase boy 
Say say what you wanna say 
You're never gonna change 
You'll only ever be a heartbreak
 
Shame on me should've known better 
I let you play me whatever 
Something's just ain't meant to be 
Kinda like you and me, yeah yeah 

Thought you would love me forever 
I should've known you would never 
Something's just ain't meant to be 
Kinda like you and me 

Yeah you'll always be a game boy 
These days I don't wanna play boy 
Say say what you wanna say 
You're never gonna change 
You'll only ever be a heartbreak 

Yeah you'll always be a gameboy
All day keep me on the chase boy
Say say what you wanna say
You're never gonna change
You'll only ever be a heartbreak, heartbreak 
Only ever be a heartbreak, heartbreak
Bugs 님이 등록해 주신 가사입니다.
가사 오류 제보",329
5,시작의 아이,마크툽(MAKTUB),"존재하는 이유
그런 건 아무래도 좋으니
그리 즐겁지도 괴롭지도 않은
바람아 불어라

달을 찾는 이유
예쁜 건 언제 봐도 좋으니
나는 세계의 시계를 부수고
너에게 닿는다

너와 함께 바라본
붕괴하는 세상의 반짝임을
그 찰나를 별의 시작이라고 부를 거야

시간의 중력으로는 우리의 모든 이야기를
따라잡을 수 없을 테니까

시작의 푸름에
모든 이름에
네가 새겨져있을 뿐
낮과 밤을 지나 새벽 속에도
잠들지 않는 아이 아이야

열 번의 기적처럼
널 가득 안은 채
그대로 멈춰라
내 하루에 번져가는 시작의 너

달이 예쁘다고
네게 말해줬던 그 밤은
너무 뜨겁지도 아쉽지도 않은
고요함이었지

너를 찾은 이유
어쩌면 찾지 않았을지도
사실 언제 만났어도 지금처럼 너를 좋아했을 거야

너와 함께 바라본
마주하는 눈빛의 반짝임을
그 찰나를 시작의 별이라고 부를 거야

처음 느낌 그대로
우리의 모든 이야기를
완성해낼 수 있을 테니까

시작의 푸름에
모든 이름에
네가 새겨져있을 뿐
낮과 밤을 지나 새벽 속에도
잠들지 않는 아이 아이야
백야의 하늘 아래
널 가득 안은 채
그대로 멈춰라 내 하루에 번져가는 시작의 너

숨 쉴 수 있는 순간에 한 번 더 너를 안고
그 품이 그리워 미래에 더 아파할 거야
언젠가 시간보다 늦었던 마음이 밉지 않도록
천 개의 바람으로 날아가 흩어지기 전에

내 모든 이름에
꿈의 흐름에
네가 새겨져 있는 걸
숨과 바람 사이 영원속에도
잠들지 않는 아이 아이야
만개의 계절 속에
태어나는 시작의 푸름으로 부르는 노래
널 사랑하는 나의 마음이야

숨 쉴 수 있는 순간에 한 번 더 너를 안고
그 품이 그리워 더 아파할 거야
Bugs 님이 등록해 주신 가사입니다.
가사 오류 제보",130
6,two years,로제(ROSÉ),"How'd it all fall apart
You were right here before, in my arms 
Now you're invisible
But the heartbreak's physical 

Got a place, moved away
Somewhere with a different code, different state 
Still feels miserable
God it's so chemical 

All that I know
Is I can't let you go 
It's been two years and you're still not gone 
It doesn't make sense that I can't move on 
Yeah I try, I try, I try, I try
But this love never dies 

Two years since you've been in my bed 
Even had a funeral for you in my head 
Yeah I try, I try, I try, I try
But this love never dies 

Another night, another vice
Even try with someone new, someone nice
I'll always hate the fact that you, 
ruined everybody after you 
I'm always coming back to you 

It's been two years and you're still not gone 
It doesn't make sense that I can't move on 
Yeah I try, I try, I try, I try
But this love never dies 

It's been two years since you've been in my bed 
Even had a funeral for you in my head
Yeah I try, I try, I try, I try
But this love never dies 

Maybe I'm just sick and this is how it's gonna be 
Maybe this is all I know
And I know it's not you it's me 

Cuz it's been two years and you're still not gone 
It doesn't make sense that I can't move on
Yeah I try, I try, I try, I try
But this love never dies 

It's been two years since you've been in my bed 
Even had a funeral for you in my head
Yeah I try, I try, I try, I try
But this love never dies
Bugs 님이 등록해 주신 가사입니다.
가사 오류 제보",221
7,SHEESH,BABYMONSTER,"Da la lun dun
Da la lun dun
Da la lun dun

BABY I'mma MONSTER

Mano a mano
I see you in slow mo'
You know you're in trouble
Ooh hoo hoo hoo

발버둥 쳐봐
어차피 손바닥
위에서 못 나가
You know that

눈을 뜬 순간
피어나
All eyes on me
불을 질러라

Do or die
On my life
Yeah you ain't seen nothing yet

Got them all going
Sheesh Sheesh
Sheesh Sheesh Sheesh yeah

B.A.B.Y.M.O.N
Sheesh Sheesh
Sheesh Sheesh Sheesh yeah
Got them all going

Yo hold on 쉿
걍 들이부어라 네 달팽이관에
이건 네 귀에 줄 축복
음악에 맞춰 걍 춤 춰 

히비리 합 합 boom boom pow
분위기 타올라 너네들 눈 돌아
띵하니 적잖이 충격일 거야

Crown this queen
홈런은 쳤고 내 다음은 위
어중이떠중이 중간 아님
날 보고 닫혔던 입들 say
Sheesh Sheesh Sheesh

You know what it is
I be running this
Pull up in a ghost
Peek a peek a boo hoo
Vroom vroom
너네 심장에 박동이 pump pump pop
Pedal to the metal
Click clack click 
Put'em up to the sky
High high high high

눈을 뜬 순간
피어나
All eyes on me
불을 질러라

Do or die
On my life
Yeah you ain't seen nothing yet

Got them all going
Sheesh Sheesh
Sheesh Sheesh Sheesh yeah

B.A.B.Y.M.O.N
Sheesh Sheesh
Sheesh Sheesh Sheesh yeah
Got them all going

마음껏 웃어봐
이젠 내 차례니까

천천히 불태워 네가 잠든 사이

Time's up
올라가 올라가 더

꼭대기 꼭대기로
하늘 위 하늘 위로

Fly away
온 세상을 뒤집어
Come on let's ride 

BABY I'mma MONSTER

B A B Y M O N
Tell a friend tell a friend tell a friend
B A B Y M O N
Tell a friend tell a friend tell a friend

Let's go
Jump jump and let it go
Watch out we on a roll 
Rum pump pump pump it up then

Jump jump and let it go
Watch out we on a roll 
Rum pump pump pump it up then
Bugs 님이 등록해 주신 가사입니다.
가사 오류 제보","1,488"
8,사랑 노래,부석순(SEVENTEEN),"너의 소식을 전해 들은 어젯밤
왼쪽 가슴이 내려앉는 듯했어
그리움이란 마음은 헤어짐보다 더 아파
한동안 아무렇지 않았는데 맘이 아려 와

너의 번호를 지우지 못하고서
널 잊었다고 거짓말해 봤지만
내 Playlist는 네가 채워 놓은
사랑 노래뿐인걸
 
아픈 덴 없니 밥은 잘 먹는지
나 없이도 행복하게 지내니
내 맘이 들리니 텔레파시처럼
애를 써도 지워지지 않는 Story

IIII just wait for you III
IIII just wait for you III
IIII just wait for you III
IIII just wait for you III

내 전부를 주어도 아깝지가 않았던
(내 맘을 주고 싶어서 너의 오른손 잡았던)
너를 보내고 후회만 가득 남았어
(우리들의 추억은 또 이렇게)
스쳐 지나왔어

하루가 가고 한 달이 지났을 때
널 잊었다고 거짓말해 봤지만
내 Playlist는 네가 채워 놓은
사랑 노래뿐인걸
 
아픈 덴 없니 밥은 잘 먹는지
나 없이도 행복하게 지내니
내 맘이 들리니 텔레파시처럼
애를 써도 지워지지 않는 Story

IIII just wait for you III
IIII just wait for you III
IIII just wait for you III
IIII just wait for you III
Bugs 님이 등록해 주신 가사입니다.
가사 오류 제보",186
9,벌써 일년,브라운 아이즈(Brown Eyes),"처음이라 그래 며칠뒤엔 괜찮아져
그 생각만으로 벌써 일년이
너와 만든 기념일마다
슬픔은 나를 찾아와
처음 사랑 고백하며 설렌 수줍음과
우리 처음 만난날 지나가고
너의 생일엔 눈물의 케익
촛불 켜고서 축하해
I believe in you
I believe in your mind
벌써 일년이 지났지만
일년뒤에도 그 일년뒤에도 널 기다려
너무보고싶어 돌아와줘 말 못했어
널 보는 따뜻한 그의 눈빛과
니 왼손에 껴진 반지보다
빛난 니 얼굴 때문에
I believe in you
I believe in your mind
다시 시작한 널 알면서
이젠 나없이 추억을 만드는 너라는 걸
내가 기억하는 추억은 언제나
지난 웃음과 얘기와 바램들
또 새로 만들 추억은 하나뿐
내 기다림과 눈물 속 너일뿐
I believe in you
I believe in your mind
다시 시작한 널 알면서
이젠 나없이 추억을 만드는 너라는 걸
I believe in you
I believe in your mind
벌써 일년이 지났지만
일년뒤에도 그 일년뒤에도 널 기다려
kwon8492 님이 등록해 주신 가사입니다.
가사 오류 제보","266,941"
10,꽃 길,BIGBANG (빅뱅),"그땐 참 좋았는데 말이야
너와 함께할 수만 있다면
때론 외롭고 슬퍼도 말이야
너와 같이 할 수만 있다면
Sing it na na na
노래해 나나나
우리 이게 마지막이 아니야
부디 또 만나요 꽃이 피면
때론 꽤 별난 일이 많아
넌 나 같이 못난 놈을 만나
다시 누군갈 사랑할 수 있을까?
너 아니라면 그럴 일은 없을 것 같아
나 의식 없이 발길 흐름대로 가던 길
날 화려히 비춰주던 네 빛 한줄기
그 전율이 느껴지는 예쁜 꽃 길
그곳에 너로 인해 설수 있던
Roly poly toy
떠나려거든 보내 드리오리다
님이 가시는 길에 꽃을 뿌리오리다
그리워지면 돌아와 줘요
그때 또 다시 날 사랑해줘요
이 꽃 길 따라 잠시 쉬어가다가
그 자리 그곳에서 날 기다려요
그땐 참 좋았는데 말이야
너와 함께할 수만 있다면
때론 외롭고 슬퍼도 말이야
너와 같이 할 수만 있다면
많이 울기도 했지만 웃은 일도 많아
내 머릿속 안에는 추억이 너무 많아
이 또한 지나갈 테니까
이 다음에 만나요 꽃이 피면
1년 365 이 세상 하나뿐인
넌 내 음악의 motive 날 일깨워주는 은인
네 커다란 꽃밭에 기대어 막 떠오르던 가사 말
아직도 참 생생해 빠담빠담
너란 만개 한 꽃의 색은 100000 개
무한대 거대한 울림 vivaldi의 사계
아직도 그댄 내 맘에 담을 수 없는 그림
내 눈을 의심하지
You are my magical queen
떠나려거든 보내 드리오리다
님이 가시는 길에 꽃을 뿌리오리다
그리워지면 돌아와 줘요
그때 또 다시 날 사랑해줘요
이 꽃 길 따라 잠시 쉬어가다가
그 자리 그곳에서 날 기다려요
꽃 잎 따다 입을 맞추죠
얼굴은 빨개지고
꽃 길을 깔아 준비를 하죠
그대가 오시는 길
그리워지면 돌아와 줘요
그때 또 다시 날 사랑해줘요
이 꽃 길 따라 잠시 쉬어가다가
그 자리 그곳에서 날 기다려요
꽃 잎 따다 입을 맞추죠
얼굴은 빨개지고
꽃 길을 깔아 준비를 하죠
그 자리 그곳에서 날 기다려요
Bugs 님이 등록해 주신 가사입니다.
가사 오류 제보","11,907"
11,눈의 꽃,박효신 CONNECT 아티스트,"어느새 길어진 그림자를 따라서
땅거미 진 어둠 속을 그대와 걷고 있네요
손을 마주 잡고 그 언제까지라도
함께 있는 것만으로 눈물이 나는 걸요

바람이 차가워 지는 만큼 
겨울은 가까워 오네요
조금씩 이거리 그 위로 
그대를 보내야 했던 계절이 오네요

지금 올해의 첫 눈꽃을 바라보며
함께 있는 이 순간에
내 모든걸 당신께 주고 싶어 
이런 가슴에 그댈 안아요
약하기만 한 내가 아니에요 
이렇게 그댈 사랑하는데
그저 내 맘이 이럴 뿐인거죠

그대 곁이라면 또 어떤 일이라도
할 수 있을 것만 같아
그런 기분이 드네요
오늘이 지나고 또 언제까지라도
우리 사랑 영원하길 기도하고 있어요

바람이 나의 창을 흔들고
어두운 밤마저 깨우면
그대 아픈 기억마저도
내가 다 지워줄게요 환한 그 미소로

끝없이 내리는 새하얀 눈꽃들로 
우리 걷던 이 거리가
어느새 변한 것도 모르는 체 
환한 빛으로 물들어 가요
누군가를 위해 난 살아갔나요
무엇이든 다 해주고 싶은 
이런게 사랑인줄 배웠어요

혹시 그대 있는 곳 어딘지 알았다면
겨울 밤 별이 돼 그대를 비췄을 텐데
웃던 날도 눈물에 젖었던 슬픈 밤에도
언제나 그 언제나 곁에 있을게요

지금 올해의 첫 눈꽃을 바라보며
함께 있는 이 순간에 
내 모든걸 당신께 주고 싶어 
이런 가슴에 그댈 안아요
울지 말아요 나를 바라봐요 
그저 그대의 곁에서
함께 있고 싶은 맘뿐이라고 
다신 그댈 놓지 않을 테요

끝없이 내리며 우릴 감싸온 
거리 가득한 눈꽃 속에서
그대와 내 가슴에 조금씩 
작은 추억을 그리네요
영원히 내 곁에 그대 있어요
ajaj1035 님이 등록해 주신 가사입니다.
가사 오류 제보","20,470"
12,BOKAY,JSliver,"I said we used to be okay
that smile on your face
overs the way
thinking back of yesterday
Like a women brays
I was the way
Like a women brays
thinking back of yesterday
I said we used to be okay
that smile on your face
overs the way
thinking back of yesterday
Like a women brays
I was the way
Like a women brays
thinking back of yesterday
Bugs 님이 등록해 주신 가사입니다.
가사 오류 제보",1
13,dance all night,로제(ROSÉ),"Got out of my bed today
The sunlight was hitting my face
And two little birds came and sat on the edge
and they ask if I'm doin okay
And we talked for a while, sat for a while
And one of them asked me 
if there's anything I would change
And I didn't know what to say
But I 

I would dance all night
Not care about the heartache in my life 
Oh
And I would not obsess
Over all the little things I don't regret 
I'd dance all night, night
I'd dance all night, night
Oh
And I
I'd dance all night
Night
Dance all night 

I wouldn't be so in my head
3 words every chance that I get
Be spontaneous
And better with trust
And say things that I should've said 
I would let my feelings lead me
Let you be the one to hold me now 
And maybe this time you could stay 
Cause I 

I would dance all night
Not care about the heartache in my life 
Oh
And I would not obsess
Over all the little things 
I don't regret I'd dance all night, night
I'd dance all night, night
Oh
And I
I'd dance all night, night 

Dance all night
I'll be there for you tomorrow
You can dry your eyes
We'll laugh away the sorrow
When the morning comes
Just promise me you'll stay forever young 
Forever young
I 

I would dance all night
Not care about the heartache in my life 
Oh
And I would not obsess
Over all the little things I don't regret 
I'd dance all night, night
I'd dance all night, night
Oh
And I
I'd dance all night, night
Dance all night
Bugs 님이 등록해 주신 가사입니다.
가사 오류 제보",285
14,Wake Up,Yunebee,"i dunno 가만히 있어도 
괜히 멀어진 느낌이야 전엔
쓸데없이 나누고 싶었던 게 참 많았지 
헤어지기 전엔
조금 만 것들도 이젠 꼴 뵈기 싫어져 
지쳤단 말을 하네
너와 두 손을 맞잡는 관계를 
이제는 진짜로 정리할 때

월 화 수 목 금 what you doin 안 궁금해도
안 내켜도 외부에 시선 돌릴 곳도 잔뜩
이 체인들은 누구 건지 
궁금해하는 너는 who are you?
건들면 수북이 쌓인 시체들처럼 여기 구급
차에 실 려가 주 위
하이에나들이나 너나 똑같지
난 레드 필 없이도 있어 girls 핸드폰에 가득히
남들이 나를 보기엔 내가 너를 붙잡아야 하겠지
but 너 없이는 똑같지만 
나 없인 네 집 크기도 변하잖니

차에 실려간 주위
하이에나들이나 너나 똑같지 yea
난 레드필 없이도 있어 girls 핸드폰에 가득히
남들이 나를 보기엔 내가 너를 붙잡아야 하겠지
but 너 없이는 똑같지만 
나 없인 네 집 크기도 변하잖니

i dunno 가만히 있어도 
괜히 멀어진 느낌이야 전엔
쓸데없이 나누고 싶었던 게 참 많았지 
헤어지기 전엔
조금 만 것들도 이젠 꼴 뵈기 싫어져 
지쳤단 말을 하네
너와 두 손을 맞잡는 관계를 
이제는 진짜로 정리할 때
Bugs 님이 등록해 주신 가사입니다.
가사 오류 제보",11
15,Spirit,Chloe snow,"It's a physical
I can we explore something more sprit
I can we explore something more sprit
I'm just asking cuz it's would I need to know
My body secret not just for the taken
Prove to me that your work the way yea
My body secret not just for the taken
Prove to me that your work the way yea
It's a physical
I can we explore something more sprit
I can we explore something more sprit
I'm just asking cuz it's would I need to know
My body secret not just for the taken
Prove to me that your work the way yea
My body secret not just for the taken
Prove to me that your work the way yea
let me give it up to you
Bugs 님이 등록해 주신 가사입니다.
가사 오류 제보",1
16,오늘도 빛나는 너에게 (To You My Light) (Feat.이라온),마크툽(MAKTUB),"별빛이 내린 밤
그 풍경 속 너와 나
날 새롭게 하는
따뜻하게 만드는
니 눈빛 니 미소
영원히 담아둘게
너로 가득한 맘
널 닮아가는 나
날 위한 선물
꿈보다 더 아름다운
서로의 품에서
끝 없는 밤을 걷자
나의 모든 날들을 다 주고싶어
내 이 맘을 모두 전하고 싶어
잠들지 못한
푸른 바람들
이렇게 밝게 이 밤을 비춰
너와 작은 일상을 함께 하는게
내 가장 큰 기쁨인걸 넌 알까
내 세상 속에
넌 빛이 되어
지금 모습 그대로 내 곁에만
행복이 짙은 날
어둠이 없는 밤
같은 맘 속에
같은 꿈이 피어난 건
우리의 정해진
운명이 맞닿은거야
나의 모든 날들을 다 주고싶어
내 이 맘을 모두 전하고 싶어
잠들지 못한
푸른 바람들
이렇게 밝게 이 밤을 비춰
너와 작은 일상을 함께 하는게
내 가장 큰 기쁨인걸 넌 알까
내 세상 속에
넌 빛이 되어
지금 모습 그대로 내 곁에만
내게 온 너란 빛이 눈 부셔도
네 앞에서 한 순간도 눈 감지 않아
다가올 시간도
계절의 바람도
널 데려가지 못하게
내가 더 좋은 사람이 되고 싶어
더 아름답게 널 안을 수 있게
잠들지 못한
잠들 수 없는
바람들이 널 부르고 있어
언제까지나 너와 함께 할거야
내 마지막 숨결도 너일거야
내 세상 속에
넌 빛이 되어
지금 모습 그대로 내 곁에만
이렇게 밝게 이 밤을 비춰
Bugs 님이 등록해 주신 가사입니다.
가사 오류 제보","12,942"
17,Gotta wanna back,Luna Jin,"I've been talk
in my sleep
I've been talk
the leaning deep
Looking for wash
I've been blame
In hide and sick
I felt the hit
But never enough

gotta wanna back
gotta wanna back back
gotta wanna back
gotta wanna back back

I've been talk
in my sleep
I've been talk
the leaning deep

gotta wanna back
gotta wanna back back
gotta wanna back
gotta wanna back back
Bugs 님이 등록해 주신 가사입니다.
가사 오류 제보",1
18,...사랑했잖아...,린(LYn),"나만 원한다 했던 말도
지켜준다던 약속들도
아무렇지 않은 표정으로 버리고 있잖아
너만 바라본 많은 날들
물거품이 돼버린 오늘
또 아무렇지 않게 웃고있을 너잖아
정말 좋았잖아 행복했었잖아
가슴아픈 그런 일들도 견뎌냈던 우리잖아
제발 그러지마라
아직 사랑하는 날
너도 알고 있잖아
매일밤 울며 전화하는 날
낮설만큼 차가운
니 목소릴 들어도 오
바보처럼 난 너를 못잊어 이렇게
알면서도 시작한 만남
그녀에게 미안한 맘만
하루하루 지날수록 커진 내 헛된 욕심들
많이 부담스러웠겠지
니 자릴 찾으려 했겠지
난 알고 있었어 닫혀진 너의 마음을 음
정말 좋았잖아 행복했었잖아
가슴아픈 그런 일들도 견뎌냈던 우리잖아
제발 그러지마라
아직 사랑하는 날
너도 알고 있잖아
매일밤 울며 전화하는 날
낮설만큼 차가운 니 목소릴 들어도 오
바보처럼 난 니가 행복하길 바래
다시 나에게 돌아올 기회가 온다면
놓치지 않을텐데
니손 꼭 잡을텐데
니가 원했던 만큼
많이 원했던 만큼
잘해주지 못한날
미안해 용서해 이해해줘
끝까지 이기적인거
이것도 이해해줄래 우
바보같은 날 마지막까지 이렇게 음
마지막 까지 음
미안해
shfkddl 님이 등록해 주신 가사입니다.
가사 오류 제보","44,275"
19,Square (2017),백예린 (Yerin Baek),"All the colors and personalities
모든 색깔과 성격들
you can’t see right through what I truly am
그것들 사이로는 내가 정말 어떤 사람인지 볼 수 없어
you’re hurting me without noticing
넌 예고도 없이 나에게 상처를 주고
I’m so, so broke like someone just robbed me
누가 날 털어간 것 마냥 부서진 것 같아

I’m no invincible
난 강한 사람이 아니야
I have much memories of getting more weaker
난 점점 약해져가는 기억들이 훨씬 많은 걸
I know I’m not loveable
나도 내가 사랑받을 수 없는 거 알아
but you know what you’d have to say
그래도 네가 어떤 말을 해줘야 하는지 알지?


“Come on let’s go to bed
“나와 같이 침대로 가자
we gonna rock the night away
우린 이 밤을 신나게 보낼 거야
who did that to you, babe
누가 너에게 그런 짓을 한 거야
If you’re not in the right mood to sleep now then,
네가 당장 잠들 수 있는 기분이 아니라면
Come on, let’s drink and have very unmanageable day
나와서 나랑 한잔하고, 감당하기 힘든 하루를 보내자!
would you want me in bae
내가 거기 있길 바라?
If you’re not in the right mood to sleep now then
네가 당장 잠들 수 있는 기분이 아니라면
come take my arms and go
나와 함께 가자!
I’II be yours for sure”
내가 너의 것이 되어줄게!”


All the traces and reminiscences
모든 흔적들과 과거를 회상하는 일들
You can’t sense right through how I truly was
그 사이로는 내가 정말 어땠는지 느낄 수 없을 거야
You were gripping me without noticing
넌 날 예고도 없이 끌어당겼고
Was so, so strange like Someone never loved me
마치 누가 날 사랑한 적이 없는 것처럼 정말 낯설었어

I’m no invincible
난 강한 사람이 아니야
I have much memories of getting more weaker
난 점점 약해져가는 기억들이 훨씬 많은 걸
I know I’m not loveable
나도 내가 사랑받을 수 없는 거 알아
but you know what you’d have to say
그래도 네가 어떤 말을 해줘야 하는지 알지?


“Come on let’s go to bed
“나와 같이 침대로 가자
we gonna rock the night away!
우린 이 밤을 신나게 보낼거야
who did that to you, babe
누가 너에게 그런 짓을 한거야
If you’re not in the right mood to sleep now then,
네가 당장 잠들 수 있는 기분이 아니라면
Come on, let’s drink and have very unmanageable day
나와서 나랑 마시고, 감당하기 힘든 하루를 보내자
would you want me in bae
내가 거기 있길 바라?
If you’re not in the right mood to sleep now then
네가 당장 잠들 수 있는 기분이 아니라면
come take my arms and go
나와 함께 가자
I’ll be yours for sure”
내가 너의 것이 되어줄게”


You’re the only one, who saw my yesterday
너는 내 어제를 본 유일한 사람이야
the one who knows I’m here alive today
여기, 오늘 내가 살아있다는 걸 아는 사람이고
Comfort me say, what I’m meant to you
날 위로해줘, 내가 너에게 어떤 뜻인지 말해줘
you should know what you have to say
네가 뭐라고 해야 하는지 알아야 해


“Come on let’s go to bed
“나와 같이 침대로 가자
we gonna rock the night away
우린 이 밤을 신나게 보낼 거야
who did that to you, babe
누가 너에게 그런 짓을 한거야
If you’re not in the right mood to sleep now then,
네가 당장 잠들 수 있는 기분이 아니라면
Come on, let’s drink and have very unmanageable day
나와서 나랑 마시고, 감당하기 힘든 하루를 보내자
would you want me in bae
내가 거기 있길 바라?
If you’re not in the right mood to sleep now then
네가 당장 잠들 수 있는 기분이 아니라면
come, take my arms and go
나와 함께 가자
I’ll be yours for sure”
내가 너의 것이 되어줄게”
Bugs 님이 등록해 주신 가사입니다.
가사 오류 제보","20,810"
20,too bad for us,로제(ROSÉ),"And it crept up on us
In the way that it does
And the moment disappeared
In the desert of us
All our tears turned to dust
Now the roses don't grow here
I guess that love does what it wants 
And that's just too bad for us 

Was it all just slight of hand
Another trick that fate has played on us again 
Two heads in the sand
I hear you talkin but I just can't understand 

Caught in no man's land 
Between the wires 
Comin under friendly fire 
Can't go forward 
Can't go back again 

And it crept up on us
In the way that it does
And the moment disappeared
In the desert of us
All our tears turned to dust
Now the roses don't grow here
I guess that love does what it wants 
And that's just too bad for us 

Flying high with both eyes closed
Almost touched the sun I guess we got too close 
Now I'm dancing on my own
But the music's not as good when you're alone 

Caught in no man's land 
Between the wires 
Comin under friendly fire 
Can't go forward 
Can't go back again 

And it crept up on us
In the way that it does 
And the moment disappeared
In the desert of us
All our tears turned to dust
Now the roses don't grow here
I guess that love does what it wants 
And that's just too bad for us 

We wanna talk but we don't wanna listen
We play pretend but we both know it's missin 
If love burns too bright it burns out in a minute 
At least that's what I tell myself 

We wanna talk but we don't wanna listen
We play pretend but we both know it's missin 
If love burns too bright it burns out in a minute 
At least that's what I tell myself 

And it crept up on us
In the way that it does
And the moment disappeared
In the desert of us
All our tears turned to dust
Now the roses don't grow here
I guess that love does what it wants 
And that's just too bad for us
Bugs 님이 등록해 주신 가사입니다.
가사 오류 제보",186
21,Blue Eyes,태연 (TAEYEON),"모르는 사이 품에 안긴
너라는 아이 Yeah
You dive into my everything
간지러운 Heartbeat
너도 느끼니
두근대는 맘 Yeah
Dive into my everything

이미 이미 난 알았어
묘한 빛을 내는 너의 눈동자
그러다 깊이 빠져들어
헤엄쳐 왔어
온종일 몰아치는 파도
너라는 파동

빼곡한 내 맘에 스며든
네 숱한 감정에 잠겨
발이 뜬 채 자연스레
나의 모든 걸 맡겨

모르는 사이 품에 안긴
너라는 아이 Yeah
You dive into my everything
간지러운 Heartbeat
너도 느끼니
두근대는 맘 Yeah
Dive into my everything

번지는 Light 몸을 던진
나만의 Sky yeah
You dive into my everything
반짝이는 Blue eyes
나를 당기지
깊어지는 밤 Yeah
Dive into my everything

올라갈래 머나먼 너의 꿈까지
(On a dream)
비밀스러운 발걸음 아무도 모르지
끝없는 미로 갇힌다 해도
네 곁이라면 난 좋은 걸

푸른빛 세상에 녹아든
내 손을 네게로 뻗어
(Take my hands now)
우린 꿈의 바다가 돼
서롤 채우고 있어

모르는 사이 품에 안긴
너라는 아이 Yeah
You dive into my everything
간지러운 Heartbeat
너도 느끼니
두근대는 맘 Yeah
Dive into my everything

번지는 Light 몸을 던진
나만의 Sky yeah
You dive into my everything
반짝이는 Blue eyes
나를 당기지
깊어지는 밤 Yeah
Dive into my everything

Uh Diving
Uh Diving
Uh Diving
Dive into my everything

찾아온 내일에 넌 당연해
도망칠 맘은 없어
우린 밤새 어지럽게
얽힌 서로를 불러

Uh Diving
Uh Diving
Uh Diving
Dive into my everything

Uh Diving
Uh Diving
Uh Diving
Dive into my everything
Bugs 님이 등록해 주신 가사입니다.
가사 오류 제보",308
22,"Yes or No (Feat. 허윤진 of LE SSERAFIM, Crush)",그루비룸 (GroovyRoom),"What's on your mind
넌 이미 알고 있잖아
궁금해 난
정말 뭔지 너의 맘이
Baby don't smile
더 기다리기 지쳐 난
Look at my eyes
(Ha) 지금이잖아 타이밍

Feel yourself, and free yourself
(If you) feel me
말해줄래 Yes or No
Feel yourself, and free yourself
(If you) feel me
말해줄게 Yes or No

Do you wanna ride or die with me
어딜 가든지 따라와 줄 거야?
아니면서 계속 맴돌지
자꾸 내 주위를 좁혀가 우리 사이
I've never been the one to plead 
'cause boys are cheap
차라리 끝내자
But I know 결국 다시 back on repeat

처음부터 달랐어 불길하게 달콤한 느낌
이미 난 흔들렸어
내 맘대로 되는 게 없어서 싫은데 좋아
So love, so pain

What's on your mind
넌 이미 알고 있잖아
궁금해 난
정말 뭔지 너의 맘이
Baby don't smile
더 기다리기 지쳐 난
Look at my eyes
(Ha) 지금이잖아 타이밍

Feel yourself, and free yourself
(If you) feel me
말해줄래 Yes or No
Feel yourself, and free yourself
(If you) feel me
말해줄게 Yes or No

이런 사이는 Not my taste
애매하게 흘리는 Night and day
Don't play with me 넌 알고 있잖니
어서 빨리 Oh just let me know

What's on your mind
전부 알고 싶어 난
언제까지 이렇게 날
애태울 셈이야
지금이야 순간 It's time to decide
I can't wait no more
다시 반복해 또

What's on your mind
넌 이미 알고 있잖아
궁금해 난
정말 뭔지 너의 맘이
Baby don't smile
더 기다리기 지쳐 난
Look at my eyes
(Ha) 지금이잖아 타이밍

Feel yourself, and free yourself
(If you) feel me
말해줄래 Yes or No
Feel yourself, and free yourself
(If you) feel me
말해줄게 Yes or No
Bugs 님이 등록해 주신 가사입니다.
가사 오류 제보","2,008"
23,정이라고 하자 (Feat. 10CM),BIG Naughty (서동현),"Back to the day
갓 10대가 됐을 때
그때 내가 널 보지 못했다면
어땠을까 해
왜인지 외로워지는 밤에 You say
흐린 추억 속에 네게 안겨 잠드네
Yeah 친구들과의 술자리
나는 또 네 얘기를 꺼내
보고 싶다는 넋두리에 친구들 답은 뻔해
10년도 더 된 애를 사랑할 수 있냬
이제 그만 잊으래
근데 그게 잘 안돼
그래 걔 말마따나
넌 아담의 사과일 수도
But 난 신을 안 믿으니까
네 전화 바로 픽업
지금 주소 찍어
어디든 상관없어 다 갈 테니까
그건 사랑이 아냐
그건 미련이 아냐
그냥 정이라고 하자
임마 네가 뭘 알아
이건 사랑이 맞아
분명 약속했단 말이야
I know I'm wrong
그 자리에 그대로
두고 온 기억들을
더듬고 있을 때면
(You say)
그건 사랑이 아냐
그건 미련이 아냐
그냥 정리하고 가자
아메리카노보단 라떼를
맛있게 내리던 네 집 앞 카페를
매일 같이 갔었었던 그때를
내려줄게 쓰지 않아 이제는
넌 매일 밤 예뻐 예뻐
해주며 날 재워 재워
식어버린 널 데워 태워
꿈에서 날 깨워 줘
버려진 기억들 속에서
쓸만한 컷들을 찾고 있어
이미 내 곁에 더는 없는 너지만
난 너를 느낄 수 있어
닿을 듯 안 닿을 듯
떠나는 뒷모습이
왜인지 행복해 보여
너라도 행복해줘
그건 사랑이 아냐
그건 미련이 아냐
그냥 정이라고 하자
임마 네가 뭘 알아
이건 사랑이 맞아
분명 약속했단 말이야
I know I'm wrong
그 자리에 그대로
두고 온 기억들을
더듬고 있을 때면
(You say)
그건 사랑이 아냐
그건 미련이 아냐
그냥 정리하고 가자
그건 사랑이 아냐
그건 미련이 아냐
그냥 정이라고 하자
임마 네 말이 맞아
이건 사랑이 아냐
그냥 정리하고 가자
Bugs 님이 등록해 주신 가사입니다.
가사 오류 제보","6,033"
24,Sugarcoat (NATTY Solo),KISS OF LIFE,"늘 뻔한 Recipe 착한 아이처럼
반듯한 A to Z 기대 마 넌 Never
It just a puzzle piece yeah
멋대로 판단한 내 모습이
전부일 리 없잖니

So 드러낸 적 없던 맘이
솔직하게 빛난 Party
맛볼수록 Taste so good
하나부터 열까지 다
사랑받지 못한대도
싫지 않아 I love me

Sugarcoat 따윈 벗어던진
날 네가 뭐라든지
Just move, 내 맘대로
날 위한 춤을 추지

Don't sugarcoat me babe
Complex is over-rated
투명한 저 달빛이
쏟아져 더 자유로이

In the dark 어둠 속에서 더
유난히 선명한 소리를 따라 걸어
더 깊이 간직한 판도라 상자 속의 내 모습이
더는 두렵지 않은 Tonight

So 가슴에만 묻던 말이
하얀 나비처럼 Flying
놀랍도록 Feel so good
솔직한 내 모습까진
이해받지 못한대도
괜찮아 난 I love me

Sugarcoat 따윈 벗어던진
날 네가 뭐라든지
Just move, 내 맘대로
날 위한 춤을 추지

Don't sugarcoat me babe
Complex is over-rated
투명한 저 달빛이
쏟아져 더 자유로이

Oh 거울 속에 가둬 둔
진짜 나답게 이젠 I wanna do
항상 바라왔던 Change coming soon
You know what

짜릿한 해방감 속
만나게 될 모든 날
사랑할 수밖에 없을 테니 It's alright

Sugarcoat 따윈 필요 없지
난 그냥 나일 테니
Just move, 바란 대로
더 멋진 춤을 추지

Don't sugarcoat me babe
Complex is over-rated
난 올라 좀 더 높이
누구보다 빛날 테니

Don't sugarcoat me babe
날 네가 뭐라든지
Just move, 내 맘대로
날 위한 춤을 추지

Don't sugarcoat me babe
Complex is over-rated
투명한 저 달빛이
쏟아져 더 자유로이
Bugs 님이 등록해 주신 가사입니다.
가사 오류 제보","2,448"
25,Timeless,SG워너비,"어쩜 살아가다 보면 한 번은 날 찾을지 몰라
나 그 기대 하나로 오늘도 힘겹게 버틴 걸
난 참 기억력도 좋지 않은데 왜 너에 관한 건 
그 사소한 추억들까지도 생각이 나는지

너를 잊을 순 없지만 붙잡고 싶지만
이별 앞에서 할 수 있는 건
좋은 기억이라도 남도록 편히 보내주는 일

혼자 남아도 괜찮아 가도 괜찮아 
세상에 제일 자신있는 건
내가 언제나 그래왔듯이 너를 기다리는 일

어쩜 살아가다보면 한 번은 날 찾을지 몰라
난 그 기대 하나로 오늘도 힘겹게 버틴 걸
부디 하루빨리 좋은 사람과 행복하길 바래
그래야만 내 마음 속에서 널 보낼 것 같아

너를 잊을 순 없지만 붙잡고 싶지만
이별 앞에서 할 수 있는 건
좋은 기억이라도 남도록 편히 보내주는 일

이젠 멀어져 가지만 잠시였지만 
태어나 처음 잘한 듯한 건
내겐 아무리 생각해봐도 너를 사랑했던 일

서로가 하나씩 이별의 선물을 나눠간 거잖아
난 마음을 준 대신 넌 내게 추억을 준 거야

다시 또 나를 살아가게 할 거야 

날 아프게 했지만 울게 했지만 
이것 하나만큼은 고마워
눈 감는 그날 내가 가져갈 추억 만들어줘서...
gijunS2minji 님이 등록해 주신 가사입니다.
가사 오류 제보","56,746"
26,Blur,태연 (TAEYEON),"Something in the mirror
깨진 가면 속의 표정을 들켜버린
잃어버린 거야 아님
처음부터 갖지 못한 Better me

더 괜찮은 척해 다 감춰버린
그 가십 마치 그게 다 나란 듯이
애매한 색 안에 갇혀버린
뭐야 뭘 위한 나였지

It's all a blur
자유롭지 못한 내 Words
아파해도 외면한 Heart
낯설어져 전부
I don't recognize you

It's all a blur
산산이 더 뜨겁게 Burn
다 신기루라 해도 Run
멀어져가 전부
I don't recognize you
It's all a blur

수없이도 믿어왔던 길이
전부 미로
Now I'm wondering, wondering
숨차게 달려왔던 자리
다시 밝힐 꿈결 속을 헤매지

네 멋대로 써낸 날 나란 듯이
내 진짠 마치 아무도 아닌 듯이
조각난 채 아프게 맞춰진
대체 뭘 위한 나였지

It's all a blur
자유롭지 못한 내 Words
아파해도 외면한 Heart
낯설어져 전부
I don't recognize you

It's all a blur
산산이 더 뜨겁게 Burn
다 신기루라 해도 Run
멀어져가 전부
I don't recognize you

It's all a blur
It's all a blur
잠들 수조차 없어

선명히 원해 다 나일뿐인
네 관심 밖에서 더 눈이 부신
이제야 봐 다시
Follow my dreams
이 모든 날 제대로 봐

It's just a blur
이제 날 제대로 봐
Bugs 님이 등록해 주신 가사입니다.
가사 오류 제보",319
27,Smart,LE SSERAFIM (르세라핌),"I'm a smarter baby, smarter
Smarter baby, smarter
하날 보면 열까지
간파해서 돌파하지

Wanna be a winner
Wanna be a winner
계획대로 돼가지
난 나비가 될 애송이

원하는 건 승리란 놈
I call it ""sugar"" 
Plan대로라면 놓칠 리가 없지
내 sugar, sugar 

누군 말해, 내가 mean-mean-mean-mean-mean
신경 안 써 쉿 쉿 쉿 쉿 쉿 
내 패배 위에 필 아름다움 대신
더 강한 이름 ""villain""을 택했지

So 그게 바로 me-me-me-me-me
내겐 보여, see-see-see-see-see
르세라핌 날 이끌어 to victory

I'm a smarter baby, smarter
Smarter baby, smarter
하날 보면 열까지
간파해서 돌파하지 

Wanna be a winner
Wanna be a winner
계획대로 돼가지
난 나비가 될 애송이
I'm a smarter baby

Work hard in secret
아귀가 착착 맞게
I planned that, don't be mad

Plan대로라면 난 될 수가 없지
그 loser, loser 

누군 말해, 내가 mean-mean-mean-mean-mean
신경 안 써 쉿 쉿 쉿 쉿 쉿 
내 패배 위에 필 아름다움 대신
더 강한 이름 ""villain""을 택했지

So I just wanna be me-me-me-me
내겐 보여, see-see-see-see-see 
르세라핌 날 이끌어 to victory

I'm a smarter baby, smarter
Smarter baby, smarter
하날 보면 열까지
간파해서 돌파하지

Wanna be a winner
Wanna be a winner
계획대로 돼가지
난 나비가 될 애송이
I'm a smarter baby

내 시계는 tick-tock
필요했던 shortcut
찾아내고 난 잡았지, huh 

누구는 말해, ""that's all luck""
난 말해, ""no, it's not luck""
내 땀은 not lying, lying

Don't slow down, 이 삶은 superfast
Best scheme, 내 머릿속에
갓생, 난 준비를 끝냈어

Dinner of the winner,
That is what I want to get

I'm a smarter baby, smarter
Smarter baby, smarter
하날 보면 열까지
간파해서 돌파하지

Wanna be a winner
Wanna be a winner
계획대로 돼가지
난 나비가 될 애송이
I'm a smarter baby
Bugs 님이 등록해 주신 가사입니다.
가사 오류 제보","1,297"
28,Must Have Love (우리들의 겨울),SG워너비,"함께 있단 이유로 행복했었던 
우리들의 겨울날의 소중한 기억들
좋은 날엔 언제나 네가 있기에 잊을 수 없는 Memories

Ring the bells, sing the song, 
this season is the time for love

익숙한 음악소리 가득한 거리 
하얀 거품처럼 내려와서 소복히 쌓이는 눈
멀리서 들려오는 맑은 종소리 
날 위해 준비해 둔 것 같아 너무 아름다워

말을 하지 않아도 알 수 있잖아 
나를 항상 웃게 하는 너만 있으면 돼
내 맘을 다 아나 봐 하늘에서도 세상 가득히 눈이 와

Ring the bells, sing the song, 
this season is the time for love

친구란 이름으로 지내 왔기에
새삼 말하기도 어색했던 그 고백 기억할게
너만의 사랑이란 이유만으로 
모든 게 아름다운 이 세상 너만을 사랑해

말을 하지 않아도 알 수 있잖아
나를 항상 웃게 하는 너만 있으면 돼
내 맘을 다 아나 봐 하늘에서도 
Singing all around Singing all around

함께 있단 이유로 행복했었던 
우리들의 겨울날의 소중한 기억들
좋은 날엔 언제나 네가 있기에 잊을 수 없는 Memories
잊을 수 없는 Memories

Ring the bells, sing the song, 
cuz it’s Christmas time. 
This season is the time For you.
yijae48 님이 등록해 주신 가사입니다.
가사 오류 제보","40,769"
29,바람기억,나얼,"바람 불어와 내 맘 흔들면
지나간 세월에 
두 눈을 감아본다

나를 스치는 고요한 떨림
그 작은 소리에
난 귀를 기울여 본다

내 안에 숨쉬는
커버린 삶의 조각들이
날 부딪혀 지날 때
그 곳을 바라보리라

우리의 믿음 우리의 사랑
그 영원한 약속들을
나 추억한다면 힘차게 걸으리라

우리의 만남 우리의 이별
그 바래진 기억에
나 사랑했다면 미소를 띄우리라

내 안에 있는 
모자란 삶의 기억들이
날 부딪혀 지날 때 
그 곳을 바라보리라

우리의 믿음 우리의 사랑
그 영원한 약속들을
나 추억한다면 힘차게 걸으리라

우리의 만남 우리의 이별
그 바래진 기억에
나 사랑했다면 미소를 띄우리라
bugsmanager 님이 등록해 주신 가사입니다.
가사 오류 제보","11,522"
30,머리어깨무릎발 (Feat. 원슈타인),이하이,"넌 나를 얼마나 생각해 음 솔직하게
네 마음을 열어볼 수 있다면 좋을 텐데
그러니 말로 해줘 굳이
둘러볼 필요 없지 주위
다른 여자는 관심 주지 말고
나만 봐 I'm sorry
사랑 원래 이기주의
높일게 우리 사이 수위
네 주위에 이만한 여자 봤어?
I got what you need
내 머리 어깨 무릎 발
그만큼 사랑해 줘
내 머리 어깨 무릎 발
You know what I mean
내 머리 어깨 무릎 발
중 어디가 좋아
내 머리 어깨 무릎 발
Sorry not sorry
내 머리 어깨 무릎 발
Um
내 머리 어깨 무릎 발
순서대로 Yeah
내 머리 어깨 무릎 발
네가 뭘 원하든
내 머리 어깨 무릎 발
너의 그 머리 어깨 무릎 WOO
그거 받고 난 내가 사랑한다면
너의 다른 부분들까지
안고 살아갈 수 있다고
그래 난 AI 로봇 같은 뻔한 ANSWER
그래도 계속 잘 다루는 널 보면
You are early adopter doctor
I don't know what to say
Do you really think she needs me?
죽도록 사랑하냐는 질문을 했지
끄덕이며 대답하는 나를 향해 Breathe
혹시 She ain't going home
When she post to be
내 머리 어깨 무릎 발
머리 어깨 무릎 발
내 머리 어깨 무릎 발
You know what I mean
내 머리 어깨 무릎 발
난
내 머리 어깨 무릎 발
Sorry not sorry
내 머리 어깨 무릎 발
머리 어깨 무릎 발
내 머리 어깨 무릎 발
머리 순서대로 Yeah
내 머리 어깨 무릎 발
머리 어깨 무릎 발
내 머리 어깨 무릎 발
너의 그 머리 어깨 무릎 WOO
도저히 잊을 수 없을걸
넌 나의 목소리부터 자태
그때 맞잡았던 너의 두 손이
Babe you make me
목에서 등까지
날 쓸어넘기는 손이
나른한 너의 두 눈이
Yeah I know it
Don't u want me
선물 뒀으니 원하면 가져가
네 마음대로
네 마음대로
네 마음대로
결국 내 마음대로
Bugs 님이 등록해 주신 가사입니다.
가사 오류 제보",994
31,Hero Death (Feat. 시온),BIG Naughty (서동현),"I loved to watch hero movies
죽어도 절대 죽지 않는 주인공은
나의 어릴 적 꿈인 상태로 몸만 커버리는 중인
나의 어릴 적 꿈은 ruined
순수한 영혼은 어른의 무기
잦아지는 낭만의 투기
짧아지는 현실의 주기
앞에 결국 고개 숙인 나의 전술은 최선을 다한 수비
행복 앞에는 항상 빨간 불이 그 뒤엔 기나긴 기다림이
그 기다림에 가끔 안 쉬어져 숨이
그래도 가야만 하는 나아가야만 하는
모든 아버지들의 고민이
그래서 멈춰야 하는 기다려야 하는
모든 어머니들의 눈물이

21세기의 heroes 그들이 죽지 않기를 빌어
인생은 bitter 첫맛은 비려서 가끔 더 sweeter
이건 어쩌면 나의 어릴 적 꿈속의 Hero 
또 그들에 대한 나의 작은 위로

Hero dies,
He's getting tired 
Of finding the light but not the source 
Scared to dive into the ocean,
Scratching the surface but never letting go

Filling the blank space with silverware,
Filling the same days with prayers and dares
I let the hero die without me even noticing at all

죽어야만 받는 존경 멈춰야만 보이는 풍경
사랑하는 사람을 떠나보낸 뒤에야 느낀 후회와 충동
Hero death after pills
Sometimes pain ain’t just real
Rest in peace, Malcolm
Love you still, Malcolm
But I don’t ever wanna die like him
참 애석해 불행 앞에는 파란 불이
행복 앞에는 항상 빨간 불이
그 뒤엔 우연한 지나침이
그 우연함에 가끔 안 쉬어져 숨이
그래도 죽어야 하는 죽어야만 하는
모든 조연들의 고민이 
그래서 멈춰야 하는 기다려야 하는 
모든 villain들의 눈물이

21세기의 heroes 그들이 죽지 않기를 빌어
악역의 필연 겉은 좀 비려서 속은 더 sweeter
이건 어쩌면 나의 어제 현실 속의 Villain 
또 그들에게 건네는 시나리오

Hero dies,
He's getting tired
Of finding the light but not the source
Scared to dive into the ocean,
Scratching the surface but never letting go

Filling the blank space with silverware,
Filling the same days with prayers and dares
I let the hero die without me even noticing at all
Bugs 님이 등록해 주신 가사입니다.
가사 오류 제보",214
32,Flowers,aespa,"Umm Yeah

1, 2, 3
눈을 뜨는 Secret
만개하는 빛
불어오는 환희
마치 환상 위
In my garden
Show me your Flowers
Show me your Flowers
Flowers

아무도 모르던
Fairy tales
섬세하게 감각들을
깨워내는 Way
(I'm alive)
이 불투명한
미지 속에서 (Low)
난 아슬하게
길을 걸어
(Get to know you)
 
환상 속의 Gates
기억 너머에
비친 그림자
I don't want to wait
아무도 모를 네
향기 속에 나를 던져

1, 2, 3
눈을 뜨는 Secret
만개하는 빛
불어오는 환희
마치 환상 위
In my garden
Show me your Flowers
Show me your Flowers
Flowers
1, 2, 3
기분 좋은 Warm wind
알 수 없는 길
나를 안은 공기
꿈을 꾸듯이
In my garden
Show me your Flowers
Show me your Flowers
Flowers

기분 좋은
낯선 너란 Scent
수많은 이름 중엔
뭐가 좋을지
(Name)
밤을 머금은 듯 깊어
Like the moon 
때론 새벽 같은
신비론 Mood

You're my dahlia
Tulips and daisies
느리게 번지는 향기
Violet sunset
세상엔 없는 듯해
나만의 화원에
비밀을 틔워내
흐린 계절에도
흩어지지 않게
 
1, 2, 3
눈을 뜨는 Secret
만개하는 빛
불어오는 환희
마치 환상 위
In my garden
Show me your Flowers
Show me your Flowers
Flowers

1, 2, 3
기분 좋은 Warm wind
알 수 없는 길
나를 안은 공기
꿈을 꾸듯이
In my garden
Show me your Flowers
Show me your Flowers
Flowers

천천히
네 눈에 비친 날 봐
선명히 번지는 환상
My only one
눈이 부신 나의 꽃
계속 나를 불러줘

1, 2, 3
너와 나의 Secret
닮은 이야기
우릴 감싼 온기 (우릴 감싼 온기)
부드러운 빛
In my garden
Show me your Flowers
Show me your Flowers
Flowers
(Oh Baby show me)

1, 2, 3
가로막힌 Exit
달라진 현실
다시 눈을 감지
(We're talking, 
we're talking dream, so real)
잠겨 영원히
In my garden
Show me your Flowers
Show me your Flowers
Flowers
Bugs 님이 등록해 주신 가사입니다.
가사 오류 제보",404
33,PADO,비비(BIBI),"너는 두 눈을 감은 채
내게 기대어오며
머리칼로 날 간질 때마다
가벼운 입맞춤으로
무거운 맘을 지우며
정신 못 차리게 만들어
날 흔들어 놔
온통
날 들었다 놔 그저 발만
동동
난 알 수 없네
도통
If someone hear me call me 911
You are my WAVE
살려줘 MAYDAY
니 생각만 하게 돼
I'm a castaway
나를 네 품에 가두어
나의 숨을 끊을 듯
놓아줄 생각이 없어 보여
너를 밀어내 봐도
다시 밀리어 오며
생각할 틈을 주지 않네
Soaking me slowly
Drowning me cruely
Killing me gently
Call him if u see my S O S
You are my WAVE
살려줘 MAYDAY
니 생각만 하게 돼
I'm a castaway
잠겨 죽어도 좋으니 내게 밀려오라
깊어져도 좋으니 날 담구어 주라
Wanted to surf
Don't wanna dive
Don't wanna swirl
I'm gonna die
Imma go with the flow
I'm gonna ride
But you're too big
You make me salty babe
Don't wanna trip too hard
날 풀어주던가
완전히 잡아줘
You are my WAVE
살려줘 MAYDAY
니 생각만 하게 돼
I'm a castaway
잠겨 죽어도 좋으니 내게 밀려오라
깊어져도 좋으니 날 담구어 주라
Bugs 님이 등록해 주신 가사입니다.
가사 오류 제보","2,465"
34,you’re the greatest thing that happened to me,Sam Ock(샘 옥),"Hold up wait a second
This is too good to be happening
I got a love
The music be slappin'
I'm feeling good
Sho' 'nuff, don't regret it
Every single moment worth it
All the pressure made us
A miracle, diamond bright
I know that I could never find another you
So lovely and refreshing
Give me a sip of that juice
From the beach of California
To the waters of the Chesapeake bay
It's gonna be a better day
No matter where we go
It's a miracle
From the mountains to valleys
To the Poconos
I just wanna tell you right now
In case you didn't know
Now you know
You're the greatest thing that happened
to me, to me, to me
You're the greatest thing that happened
to me, to me, to me
You're the greatest thing that happened to me
At first we were strangers
But now I call you my friend
You and I, our love could be famous
We'll keep on grooving
Every twist, every bend
I know that I could never find another you
So lovely and refreshing
Give me a sip of that juice
From the beach of California
To the waters of the Chesapeake bay
It's gonna be a better day
No matter where we go
It's a miracle
From the mountains to valleys
To the Poconos
I just wanna tell you right now
In case you didn't know
Now you know
It's the greatest thing, cuz
It's gonna be a brighter day
Someday the rain will go away
And there will be no more tears
Til then we'll set this record ablaze
No matter where we go
It's a miracle
From the mountains to valleys
To the Poconos
I just wanna tell you right now
In case you didn't know
Now you know
No matter where we go
It's a miracle
From the mountains to valleys
To the Poconos
I just wanna tell you right now
In case you didn't know
Now you know
You're the greatest thing that happened
To me, to me, to me
You're the greatest thing that happened
to me, to me
You're the greatest thing that happened to me
To the left, to the right
Do the boogie now side to side
To the left, to the right
Do the boogie now spin it around
To the left, to the right
Do the boogie now side to side
To the left, to the right
Do the boogie now spin it around
To the left, to the right
Do the boogie now side to side
To the left, to the right
Do the boogie now spin it around
To the left, to the right
Do the boogie now side to side
To the left, to the right
Do the boogie now spin it around
Bugs 님이 등록해 주신 가사입니다.
가사 오류 제보",43
35,Bye bye my blue,백예린,"난 왜 니가 가진 것들을 부러워하는 걸까
감당하지도 못할 것들을 손에 꼭 쥐고서
여기서 무얼 얼만큼 더 나아지고픈 걸까
너도 똑같은 거 다 아는데 
내가 이기적인 걸까
 
많이 가져도 난 아직 너 같진 않아
아픈 기억들 위로 매일 혼자 걸어 난
아플걸 알아도 자꾸 마음이 가나 봐
그래서 자꾸 네게 욕심을 내나 봐
 
나의 나의 나의 그대여
이름만 불러봐도 맘이 벅차요
난 더욱 더욱 더욱 크게 되어
널 가득 안고 싶고 그래요
 
하고 싶은 말을 하는 게 불안해서
너를 밀어내고서 불편하게 만들어
듣고 싶은 말이 너무나 많은데도
바라지를 못하고 마음 아프게 기다려
 
나의 나의 나의 그대여
이름만 불러봐도 맘이 벅차요
난 더욱 더욱 더욱 크게 되어
널 가득 안고 싶고 그래요
Bugs 님이 등록해 주신 가사입니다.
가사 오류 제보","25,122"
36,"눈, 코, 입",태양,"미안해 미안해 하지마 
내가 초라해지잖아 
빨간 예쁜 입술로 
어서 나를 죽이고 가 
나는 괜찮아 

마지막으로 나를 바라봐줘 
아무렇지 않은 듯 웃어줘 
네가 보고 싶을 때 기억할 수 있게 
나의 머릿속에 네 얼굴 그릴 수 있게 

널 보낼 수 없는 나의 욕심이 
집착이 되어 널 가뒀고 
혹시 이런 나 땜에 힘들었니 
아무 대답 없는 너 바보처럼 왜 
너를 지우지 못해 넌 떠나버렸는데 

너의 눈 코 입 
날 만지던 네 손길 작은 손톱까지 다 
여전히 널 느낄 수 있지만 

꺼진 불꽃처럼 
타들어가버린 우리 사랑 모두 다 
너무 아프지만 이젠 널 추억이라 부를게 

사랑해 사랑했지만 
내가 부족했었나 봐 
혹시 우연이라도 
한순간만이라도 널 볼 수 있을까 
하루하루가 불안해져 
네 모든 게 갈수록 희미해져 
사진 속에 너는 왜 해맑게 웃는데 
우리에게 다가오는 이별을 모른 채 

널 보낼 수 없는 나의 욕심이 
집착이 되어 널 가뒀고 
혹시 이런 나 땜에 힘들었니 
아무 대답 없는 너 바보처럼 왜 
너를 지우지 못해 넌 떠나버렸는데 

너의 눈 코 입 
날 만지던 네 손길 작은 손톱까지 다 
여전히 널 느낄 수 있지만 

꺼진 불꽃처럼 
타들어가버린 우리 사랑 모두 다 
너무 아프지만 이젠 널 추억이라 부를게 

나만을 바라보던 너의 까만 눈 
향기로운 숨을 담은 너의 코 
사랑해 사랑해 내게 속삭이던 그 입술을 난 

너의 눈 코 입 
날 만지던 네 손길 작은 손톱까지 다 모두 다 
여전히 널 느낄 수 있지만 
널 느낄 수 있지만

꺼진 불꽃처럼
타들어가버린 우리 사랑 모두 다
너무 아프지만 이젠 널 추억이라 부를게
bbbgold 님이 등록해 주신 가사입니다.
가사 오류 제보","9,701"
37,ABCD,나연 (TWICE),"Slo-mo
Hey I see you looking at me and
I like it oh yeah
No more
다가오길 기다리는 건
Not my option yeah
피어나 My desire
원하는 건 가져야 하는 걸
All I want is love love wit' you
Stop thinkin' 거부할 수 없을걸
Hey listen to me now
A you're gonna B my babe
Everytime you C me
빠져 Deeper deeper babe
Hey listen to me now
ABCD 반복해
How to fall in love 가르쳐 줄게
너는 들어왔어 in my Fantasy
벗어날 수 없어 나의 Gravity
In love in love can't get Enough
Hey 빠져들고 있어 you're Hypnotized
홀린 듯 하나가 되는 you & I
In love in love can't get Enough
넌 따라오면 돼 My babe
지금부터 Imma drive you crazy
아슬아슬한 너와 내 Emotion
자칫하면 이성의 끈을 놓쳐
대화는 필요 없어 Mute
본능이 향하는 곳 Move
전부 벗어던질래
진짜 나를 볼 수 있게
피어나 Feel alive
떨리는 마음 감출 수 없는 걸
All I want is love love wit' you
Stop thinkin' 거부할 수 없을걸
Hey listen to me now
A you're gonna B my babe
Everytime you C me
빠져 Deeper deeper babe
Hey listen to me now
ABCD 반복해
How to fall in love 가르쳐 줄게
너는 들어왔어 in my Fantasy
벗어날 수 없어 나의 Gravity
In love in love can't get Enough
Hey 빠져들고 있어 you're Hypnotized
홀린 듯 하나가 되는 you & I
In love in love can't get Enough
I don't care and I like yeah
A to Z you're my type yeah
알려줄게 Baby how to love
알기 쉽게 네게 One by one
I don't care and I like yeah
A to Z you're my type yeah
알려줄게 Baby how to love
알기 쉽게 네게 One by one
A you're gonna B my babe
Everytime you C me
빠져 Deeper deeper babe
ABCD 반복해
How to fall in love 가르쳐 줄게
Bugs 님이 등록해 주신 가사입니다.
가사 오류 제보",664
38,Thirsty,aespa,"Yeah Yeah

난 또 너를 두드리고 있어
반짝이는 수면 위를 매일
잔잔하게 일렁이는 Sign
날 (봐)

알 수 없는 너를 가만 보면
깊은 그 눈빛이 궁금해지면
괜히 거친 바람처럼 난
너를 헤집어

알아 하루 종일
넌 비춰 빠짐없이
내 어떤 날씨까지 Oh
맑게 개다 흐려도 Ah-Ah
웃는 너는 Ah-Ah
So tell me,
What you wanna wanna do boy?

너는 닿을수록 Thirsty
분명 가득한데 Thirsty
Yeah, I got you boy
Sip sip sipping all night
더 Deep deep deep in all night
얕은 수면보다 훨씬
짙은 너의 맘 끝까지
알고 싶어져
Sip sip sipping all night
더 Deep deep deep in all night
맘이 커질수록 Thirsty

Tell me, Tell me
느껴 너의 눈빛 향기
Feel so good
Can't nobody ever stop me
순간 세상이 멈춘 것 같이
머리에 Ding
물결처럼 어질어질
넌 어때 웃지 말고
Uh 가만 보지 말고
인정해 봐 Real
지금 Boom boom trigger

I 자꾸 심술 나 왠지 I
부푼 맘이 난 가끔 Ah-Ah
미울 만큼 Ah-Ah
So tell me,
What you wanna wanna do boy?

너는 닿을수록 Thirsty
분명 가득한데 Thirsty
Yeah, I got you boy
Sip sip sipping all night
더 Deep deep deep in all night
얕은 수면보다 훨씬
짙은 너의 맘 끝까지
알고 싶어져
Sip sip sipping all night
더 Deep deep deep in all night
맘이 커질수록 Thirsty

조급한 생각은 No No
이건 또 너를 위한 감정인 거야
Sip sip sip sip
그래서 난
Sip sip sip
So thirsty thirsty thirsty

Talking ‘bout it, Talking ‘bout it
솔직하게 전부
수면 깊이 감춰 놓은
네 맘으로 적셔 날
네 눈 속에 내가 좋아
그래 계속 욕심이 나
당연한 걸 너도 아마
Don't cha Don't cha Don't cha
Don't you baby

괜한 투정처럼 Thirsty
아니 사실인 걸 Thirsty
Yeah, I got you boy
Sip sip sipping all night
더 Deep deep deep in all night
여린 물결보다 고이
너의 맘을 어루만질
준비돼 있어
Sip sip sipping all night
더 Deep deep deep in all night
그래 너만 보면 Thirsty

Woah (I'll make you)
Woah (I'll make you)
Woah
Woah Baby
그래 너에게만 Thirsty
Bugs 님이 등록해 주신 가사입니다.
가사 오류 제보","2,476"
39,팔레트 (Feat. G-DRAGON),아이유(IU),"이상하게도 요즘엔 그냥 쉬운 게 좋아
하긴 그래도 여전히 코린 음악은 좋더라
Hot Pink보다 진한 보라색을 더 좋아해
또 뭐더라 단추 있는 Pajamas Lipstick 
좀 짓궂은 장난들 

I like it I'm twenty five
날 좋아하는 거 알아
I got this I'm truly fine
이제 조금 알 것 같아 날

긴 머리보다 반듯이 자른 단발이 좋아
하긴 그래도 좋은 날 부를 땐 참 예뻤더라
오 왜 그럴까 조금 촌스러운 걸 좋아해
그림보다 빼곡히 채운 Palette 일기 잠들었던 시간들

I like it I'm twenty five
날 미워하는 거 알아
I got this I'm truly fine
이제 조금 알 것 같아 날

어려서 모든 게 어려워 잔소리에 '매' 서러워
꾸중만 듣던 철부지 '애'
겨우 스무고개 넘어 기쁨도 잠시 어머?!
아프니까 웬 청춘이래
지은아 오빠는 말이야 지금 막 서른인데
나는 절대로 아니야 근데 막 어른이 돼
아직도 한참 멀었는데 너보다 다섯 살 밖에 안 먹었는데
스물 위 서른 아래 '고맘때' Right there
애도 어른도 아닌 나이 때 그저 '나'일 때
가장 찬란하게 빛이 나 어둠이 드리워질 때도 겁내지 마
너무 아름다워서 꽃잎 활짝 펴서
언제나 사랑받는 아이 YOU

Palette 일기 잠들었던 시간들
I like it I'm twenty five
날 좋아하는 거 알아
I got this I'm truly fine
이제 조금 알 것 같아 날
(아직 할 말이 많아)

I like it I'm twenty five
날 미워하는 거 알아
I got this I've truly found
이제 조금 알 것 같아 날
Bugs 님이 등록해 주신 가사입니다.
가사 오류 제보","22,797"
40,찰나가 영원이 될 때 (The Eternal Moment),마크툽(MAKTUB),"서로를 향한 마음이
우주의 작은 뭉쳐짐이라면
이 아름다운 기억이 흩어져도
사라지진 않을 거야

잠들지 못한 바람은
고요히 빛나는 너의 바다로
그 안에 잠겨
죽어도 좋으니 나
네 품에 안겨

너의 이름이 긴 밤을 지나
찰나가 영원이 될 때
얼마나 내가 널 좋아하면
달에 네 목소리가 보여

오색 빛 하늘 별 숲 사이로
너라는 꽃이 피어나
그 세상의 반을 가진다 해도
그저 네 앞에선
꽃에 머물고픈
한 남자일 뿐

오롯이 나를 비춰요
어둠이 드리워도 눈이 부시게
눈물조차
반짝이는 밤의 기적을 노래하네

너의 이름이 긴 밤을 지나
찰나가 영원이 될 때
얼마나 내가 널 좋아하면
달에 네 목소리가 보여

오색 빛 하늘 별 숲 사이로
너라는 꽃이 피어나
그 세상의 반을 가진다 해도
그저 네 앞에선
꽃에 머물고픈 남자일 뿐

밤 하늘 수놓인 모든 것들이
운명 위로 내리는 걸
내 꿈에 안긴 널
한 번 더 가득히 안아
시간을 넘어
빛이 닿는 세계의 바깥까지 함께
너의 깊은 미소의
황홀 속 일렁임은
영원과 이어질 거야

얼마나 내가 널 원하는지
눈을 감아도 너와 마주쳐

쏟아지는 달빛의 선율을 따라
자유의 날개로 향하는 봄날엔
너의 유일한 숨결이 분다
Bugs 님이 등록해 주신 가사입니다.
가사 오류 제보","2,303"
41,romeo n juliet (feat. 유라 (youra)),죠지,"날 바라보는 너를 느끼듯이
네가 남긴 향기엔
다른 것 그런 느낌이 있지
그저 눈을 감아도 다 보이는
너의 오늘 하루 종일은
내가 없이도 그리도 아름다운지
날 울리는 널 버리는
슬픈 얘긴 하지 마요
우리 둘이 홀로 아름답도록
이 세상에
내 날들은 너의 밤들은
같은 끝을 보고 있죠
baby lover 함께 눈을 감아요
give it up give it up
give it up give it up
give it up give it up
can you see the light in me
give it up give it up
give it up give it up
give it up give it up
can you see the light in me
네 안에서야 겨우 내 마음이
그리도 헤맸지만
비로소 제 길을 찾았지
다른 아침에도 우리 함께라면
세상 하늘을 다 끌어안고
모두에게 이 기쁨을 선물할 텐데
날 울리던 널 버리던
슬픈 얘긴 하지 마요
우리 둘이 홀로 아름다웠던
이 세상에
내 날들은 너의 밤들은
같은 끝을 향해있죠
baby lover 함께 잠이 들어요
그저 내 손을 잡고
긴 잠에 빠지고
편하게 네 몸을
맡기면 돼
그저 내 손을 잡고
긴 잠에 빠지고
편하게 네 몸을
맡기면 돼
날 울리는 널 버리는
슬픈 얘긴 하지 마요
우리 둘이 홀로 아름답도록
이 세상에
내 날들은 너의 밤들은
같은 끝을 보고 있죠
baby lover 눈을 감아요
이젠 날 울리던 널 버리던
슬픈 얘긴 하지 마요
우리 둘이 홀로 아름다웠던
이 세상에
내 날들은 너의 밤들은
같은 끝을 향해있죠
baby lover 함께 잠이 들어요
give it up give it up
give it up give it up
give it up give it up
can you see the light in me
give it up give it up
give it up give it up
give it up give it up
can you see the light in me
Bugs 님이 등록해 주신 가사입니다.
가사 오류 제보",542
42,그런일은,박화요비,"너무나 멀어보여요 
이렇게 가까이 있는데도
언제나 나를 안아주던 따스한 
인사도 잊은건가요
내가 뭘 잘못했나요 혹시 나 미워졌나요 

아니죠 떠나려는건 아니죠 
그런일은 절대로 
없을거라 나는 믿을게요 
오늘은 안돼요 내 사랑이 이대로는 

이별을 감당하긴 어려운걸요
많은 약속을 다 지울순 없잖아요 
아직도 해드릴게 참 많이 있는데 

얼마쯤 걸어가다가 
한번은 날 뒤돌아 봐줄거죠 
그리곤 다시 예전처럼 
다가와 웃으며 안아줄거죠
정말 날 좋아했는데 정말 날 아꼈었는데

아니죠 그대를 다시 못보는 
그런일은 절대로 없는거죠 나는 믿을게요 
오늘은 안돼요 내 사랑이 이대로는 

이별을 감당하긴 어려운걸요 
많은 약속을 다 지울순 없잖아요 
아직도 해드릴게 참 많은걸요 

내일 아침엔 더 힘들어질거예요 
어쩌면 며칠밤을 지새우겠죠 
언제까지나 곁에 있기로 했잖아요 
그대가 아니라면 난 혼자인걸요
bee 님이 등록해 주신 가사입니다.
가사 오류 제보","64,136"
43,Either Way,IVE (아이브),"누가 내 말투가 재수없대
잘난 척만 한대
또 누구는 내가 너무 착하대
바보같을 정도래

가끔은 이해조차 안 되는 시선들
억울하기도 하지만 
오해가 만든 수많은 나와 얘기해
우리 모두 다 '나'야

Either way, I'm good
전부 좋다구
누가 맞고 틀린 게 아닌 걸
모두 다르게 사랑하듯
Either way, I'm good
Either way

내게는 언니같은 친구인데
어리광이 심하대
털털한 줄 알았던 저 아이는
마음이 넘 약한 걸

쟤 I 라서 그래 넌 E 라서 그래
됐고 그냥 V 나 하자
 
Either way, you're good
전부 좋다구
누가 맞고 틀린 게 아닌 걸
모두 다르게 사랑하듯
Either way, you're good
Either way

I, I, I 또다른 나
나, 나, 나

누가 맞고 틀린 게 아닌 걸
모두 다르게 살아가 듯
전부 좋다구
사랑과 미움

모두 다 가지면 되는 거야
하나만 고를 필요 없는 거야

Either way, we're good
웃어주자구 우후후
이렇게
Bugs 님이 등록해 주신 가사입니다.
가사 오류 제보","2,291"
44,Hurt,NewJeans,"보고 싶은 생각에
들어간 우리 창에
나는 말을 거는데
보내지는 않을래
느린 한마디보다
조용함이 더 좋아
기다리고 있지만
매일 이런 건 아냐
난 재미없어 게임 같은 건
다 필요 없어 아무리 좋아도 널 no
말로만은 지겨운걸
먼저 와서 보여줘
먼저 와서 보여줘
'Cause I'm not gonna be the one to get hurt
Hurt (nah, nah)
I'm not gonna be the one to get hurt
Hurt (nah, nah)
I'm not gonna be the one to get hurt
Hurt (oh, oh, ooh)
I'm not gonna be the one to get hurt (oh, oh, ooh)
I'm not gonna be the one to get hurt (oh, oh, ooh)
I'm not gonna be the one to get hurt (oh, oh, ooh)
매일 잠들기 전에
그리고 또 아침에
쥐고 있는 내 손엔
너없는 화면인데
느린 한마디보다
조용함이 더 좋아
기다리고 있지만
매일 이런 건 아냐
난 재미없어 게임 같은 건
다 필요없어 아무리 좋아도 널 no
말로만은 지겨운걸
먼저 와서 보여줘
먼저 와서 보여줘
'Cause I'm not gonna be the one to get hurt
Hurt (nah, nah)
I'm not gonna be the one to get hurt
Hurt (nah, nah)
I'm not gonna be the one to get hurt
Hurt (oh, oh, ooh)
Hurt (oh, oh, ooh)
여기까지야
네가 와있는 곳은
너무 멀었어
I'm not gonna be the one to get hurt
여기까지야
네가 와있는 곳은
너무 멀었어
I'm not gonna be the one to get hurt
Bugs 님이 등록해 주신 가사입니다.
가사 오류 제보","3,412"
45,헤픈 우연,헤이즈(Heize),"처음이라기엔 너무
길을 이미 다 아는 듯이
우연히라기엔 모두
다 정해진 듯이
우연히 눈을 떠 보니
이 세상에 태어나 있었고
하필 네가 있는 곳이었다
서서히 몸에 배어버린
사소한 습관들이
네게로 가는 길을
내게 알려줘
처음이라기엔 너무
길을 이미 다 아는 듯이
우연히라기엔 모두
다 정해진 듯이
고통의 사랑도
보통의 이별도
You can make it happen
You can make it heaven
우연히라기엔 모두
다 정해진 듯이
만약 내가 그때 그곳을
헤매지 않았더라면
그날 네가 마음 아픈
이별을 안 했었더라면
네 뒤를 따라 걷던 곳
네가 떨어트렸던 꽃
위태롭던 시간 속
서로를 기다려왔어
운명이라고 하기엔
이를 수 있다 생각해
우연히라고 하기엔
설명이 필요한 것 같아
어쩌면 또 스칠 수 있을지 몰라도
지금이 아니면 안 될 것 같던 그 때로
처음이라기엔 너무
길을 이미 다 아는 듯이
우연히라기엔 모두
다 정해진 듯이
고통의 사랑도
보통의 이별도
You can make it happen
You can make it heaven
우연히라기엔 모두
다 정해진 듯이
어쩌면 기억을 지운 채로
하나였던 우린 둘이 되고
운명이란 작은 점 안에서
서로를 찾으며 살았는지도
고통의 사랑도
보통의 이별도
You can make it happen
You can make it heaven
우연히라기엔 모두
다 정해진 듯이
우연히
서서히
점점
더 멀어져가
우연히
천천히
처음
그곳으로 가
Bugs 님이 등록해 주신 가사입니다.
가사 오류 제보","7,085"
46,Strangers,태연 (TAEYEON),"어딘가 좀 낯선 도시
노을빛 바랜 골목길
무관심한 시선 사이
묘한 감정이 불지

다른 풍경에 가벼이
그저 몸을 실어
홀로 선 내 그림잔
희미해져

스친 바람처럼
유유히 발을 옮겨
낯선 거리 사이로
From strangers to shadows
to strangers again

알지 못해 누구도
지나친 순간 헤어져
변해가는 장면 속
From strangers to shadows
to strangers again

얼굴도 이름도 지워둔
차창 너머의 나
멈춰 선 걸음
바라본 이 순간 난 이대로

무수히 마주친
소리 없는 기억
멀어지는 얘기에
귀를 기울여

스친 바람처럼
유유히 발을 옮겨
낯선 거리 사이로
From strangers to shadows
to strangers again

알지 못해 누구도
지나친 순간 헤어져
변해가는 장면 속
From strangers to shadows
to strangers again

Ah, Strangers
Oh 또 새로운 노래가 들려
Ah, Strangers
Yeah 사라질 흔적을 새겨

스친 사람들 속
잠시 눈빛들이 섞여
가벼워진 맘인걸
From strangers to shadows
to strangers again

편히 숨을 내쉬어
아쉬운 맘을 비우고 Yeah
다시 흘러가는 걸 Yeah
From strangers to shadows
to strangers again

Ooh oh
From strangers to shadows
to strangers, Ooh
Bugs 님이 등록해 주신 가사입니다.
가사 오류 제보",240
47,난 너 없이 (I hate you),WOODZ,"I betted all I have
너는 해달란 적이 없대
쌓여가는 내 마음이
까맣게 타 버려도 상관없으니까
어쩐지 요즘 따라
잘 하던 연락이 뜸해
솔직히 말해 너
바쁘단 건 다 핑계잖아 내가 귀찮으니까
Oh why you make me feel bad
사랑이란 말로 가린 네 거짓말
나도 필요 없어 네 맘대로 해
난 너 없이 잘 살 수 있어
Oh 내가 하고 싶은 거 다 하면서
너 따위 없어도
넌 나 없이도 잘 살겠지
알아 나도 너처럼
네 사랑 따위 필요 없어
너 때문에 아파할 필요 없어
너 때문에 흘릴 눈물도 없어
남은 것도 없어
혹시 만약에 돌아오고 싶어도 자리 없어
널 위해 쓸 마음 하나도 없어
이젠 필요 없어
다른 사랑 찾아 떠난 널 알지만
왜 내가 아파해야 해
난 너 없이 잘 살 수 있어
Oh 내가 하고 싶은 거 다 하면서
너 따위 없어도
넌 나 없이도 잘 살겠지
알아 나도 너처럼
네 사랑 따위 필요 없어
I hate you
I don't need you
I'll forget you
너 따위 없어도 돼 I'm good
I hate you
I don't need you
I'll forget you
너 따위 없어도
Goodbye my love
난 너 없이 잘 살 수 있어 (no way pls don't go)
그래도 널 참 많이 사랑했는데
넌 나 없이도 잘 살겠지
알아 나도 너처럼
네 사랑 따위 필요 없어
I hate you
I don't need you
I'll forget you
너 따위 없어도 돼 I'm good
I hate you
I don't need you
I'll forget you
네 사랑 따위 필요 없어
Bugs 님이 등록해 주신 가사입니다.
가사 오류 제보","1,333"
48,데레,비비(BIBI),"놀라워 넌 언제나 예상 밖을 맴돌지 
신기해 특이해 보다 앞서
사람들 사이에서 눈에 확 들어오지 
예쁘다 멋지다 보다 값져

갖고 싶지 만지고 싶지 품에 쏙 넣어두고 싶지 
절대 날 벗어나지 못하게
but Baby I'm smarter than others 
제발로 널 내게 줄게 너조차 알지도 못하게 

(two, three) Never let you know 
yeah you would never known
That Pap pop pop inside of me baby
hope you will get it automatically 
cause I don't wanna say directly
don't cross the line we keep it secret 
and I'm happy with it
(hmm hmm) Never let you know 

Good food and a good love
good roof all over you (she can get you there) 
Hate while when you play game, 
sandwich make it juicy (she can get you that)
kiss and a hug 약간의 무관심
cheering you up when you hit your bottom
Compliments you will never find out that's lie
And feelings that you have power over me

핥고 싶지 잡아뜯고 싶지 손에 쥐어터트리고 싶지 
절대 날 벗어나지 못하게
but Baby i'm decent human 
제발로 널 내게 줄게 너조차 알지도 못하게

(two three) Never let you know 
yeah you've never known
Pap pop pop inside of me baby
hope you will get it automatically 
cause I don't wanna say directly
don't cross the line we keep it secret 
and I'm happy with it
(hmm hmm) Never let you know 

Good food and a good love
good roof all over you (I can get you there) 
Hate while when you play game, 
sandwich make it juicy (I can get you that)
kiss and a hug 약간의 무관심
cheering you up when you hit your bottom
Compliments you will never find out that's lie
And feelings that you have power over me
Bugs 님이 등록해 주신 가사입니다.
가사 오류 제보",238
49,By Your Side,Crush,"all around you
이대로 시간이 멈췄으면 해
close to my heart
think about you
어두운 밤 속에 홀로 있을때
light me up like the stars
do you know how i'm feeling?
what you mean to me
i'll lend you my shoulders to lean on
promise i'm gonna be there
as long as you need
yes i'll do anything for you
you light up my life
with your smile
so tell me you want me
when you get lonely
remember to call me every time
cause you are the only
exception i find
and no matter where you are
always be by your side
all about you
내 머릿속에 가득한 melodies
never stop oh
너에게 닿길 바래
i'll sing it for you till the end
if you stay next to me
you know how i'm feeling?
what you mean to me
i'll lend you my shoulders to lean on
promise i'm gonna be there
as long as you need
just to see your smile
so tell me you want me
when you get lonely
remember to call me every time
cause you are the only
exception i find
and no matter where you are
always be by your side nah
always be by your side nah
always be by your side
언제나 널 안아줄게
there's nobody else besides you
내 마음을 알게 될거야
hope you feel my love
so tell me you want me
when you get lonely
remember to call me every time
cause you are the only
exception i find
and no matter where you are
always be by your side nah
always be by your side nah
always be by your side
Bugs 님이 등록해 주신 가사입니다.
가사 오류 제보","1,113"
50,사랑인걸,모세(Mose),"하루가 가는 소릴들어 너없는 세상속에
달이 저물고 해가 뜨는 서러움
한날도 한시도 못살것 같더니
그저 이렇게 그리워하며 살아

어디서부터 잊어갈까 오늘도 기억속에 
니가 찾아와 하루종일 떠들어
니말투 니표정 너무 분명해서 
마치 지금도 내곁에 니가 사는것만같아

사랑인걸 사랑인걸 지워봐도 사랑인걸
아무리 비워내도 내 안에는 너만 살아
너 하나만 너 하나만 기억하고 원하는걸
보고픈 너의 사진을 꺼내어 보다 잠들어

어디서부터 잊어갈까 오늘도 기억속에 
니가 찾아와 하루종일 떠들어
니말투 니표정 너무 분명해서 
마치 지금도 내곁에 니가 사는것만같아

잠결에 흐르던 눈물이 곧 말라가듯 조금씩 흐려지겠지
손 내밀면 닿을듯 아직은 눈에 선한 니 얼굴
사랑해 사랑해 잊으면 안돼 예이예~

너만보고 너만알고 너만위해 살았던 난 
마음 둘 곳을 몰라 하루가 일년같아
아무것도 아무일도 아무말도 못하는 난
그래도 사랑을 믿어 그래도 사랑을 믿어
오늘도 사랑을 믿어
bee 님이 등록해 주신 가사입니다.
가사 오류 제보","120,291"
51,Boat,죠지,"I'm on a boat
눈에보이는 사방이 바다야
갓 잡아올린 생선을 회쳐서먹어
I'm on a boat
멀어지는 도시
We're going on
어딘가로 멀리멀리
I'm on a boat
내가 원했던건 그게전부야
흘러가는파도와 내 흔들리는 보트
I'm on a boat
멀어지는 도시
We're going on
어딘가로 멀리멀리
지는 해를 바라보면서
잠들수있는 낙이 필요해
떠나지말란 법은 없지만
두고가야할게많아 겁이나는걸
가끔은 한심한 꿈들이 필요해
But 나를 바라보는 눈이 너무많아
저 멀리 갈수있는 배가 필요해
내 삶은 파도 따라서 흘러가야돼
I'm on a boat
눈에보이는 사방이 바다야
갓 잡아올린 생선을 회쳐서먹어
I'm on a boat
멀어지는 도시
We're going on
어딘가로 멀리멀리
I'm on a boat
내가 원했던건 그게전부야
흘러가는파도와 내 흔들리는 보트
I'm on a boat
멀어지는 도시
We're going on
어딘가로 멀리멀리
지금은 꽤나 멀리온듯해
생각했던 모습과는 조금달라도
괜찮아 이건모두 내가 바랬던
이상의 일부야 이정돈 감수해야지이이 예에에
큰 파도가 날 덮칠수도있지만
뜻밖의 사고가 날 수도있지만
I'll be ok 난 내 삶에 만족해
날 향한 걱정과 우려는 필요없어
I'm on a boat
눈에보이는 사방이 바다야
갓 잡아올린 생선을 회쳐서먹어
I'm on a boat
멀어지는 도시
We're going on
어딘가로 멀리멀리
I'm on a boat
내가 원했던건 그게전부야
흘러가는파도와 내 흔들리는 보트
I'm on a boat
멀어지는 도시
We're going on
어딘가로 멀리멀리
I'm on a boat
눈에보이는 사방이 바다야
갓 잡아올린 생선을 회쳐서먹어
I'm on a boat
멀어지는 도시
We're going on
어딘가로 멀리멀리
I'm on a boat
내가 원했던건 그게전부야
흘러가는파도와 내 흔들리는 보트
I'm on a boat
멀어지는 도시
We're going on
어딘가로 멀리멀리
Bugs 님이 등록해 주신 가사입니다.
가사 오류 제보","11,378"
52,너를 생각해,주시크 (Joosiq),"너를 들려주고 싶었어
이 노랠 만들 때
아마 니가 정말 많이 좋아할꺼야
이젠 내겐 니가 없어서 나 혼자 불러도
혹시 듣게 되면 그게 니 얘기라고

난 노랠 만들 땐
늘 너를 생각해
어딘가 혼자 진지한 표정
고개를 끄덕거리고 나선
항상 흥얼거리며 따라 불렀어

나를 보며 신나있던 너에게
불러주고 싶던 노래를
왜 이제야 겨우 완성했을까

이 노랜 널 사랑한다는 내 얘기가
잔뜩 들어갔어야 하는 노랜데

너를 들려주고 싶었어
이 노랠 만들 때
아마 니가 정말 많이 좋아할꺼야
이젠 내겐 니가 없어서 나 혼자 불러도
혹시 듣게 되면 그게 니 얘기라고

니가 자주 가곤했던 카페에 
이 노래가 나올 때까지 
니 친구가 따라 부를 때까지 

이 노랠 유명해지게 계속 불러서 
나는 너에게로 꼭 닿고 말거야 

너를 들려주고 싶었어 
이 노랠 만들때 
아마 니가 정말 많이 좋아할꺼야
이젠 내겐 니가 없어서 나 혼자 불러도 
혹시 듣게 되면 그게 니 얘기라고 

너를 사랑할땐 몰랐던 
바보라 미안해
아마 이걸 듣고 너는 원망하겠지 
이젠 내가 많이 잘할게 
너 혼자 울지마 
혹시 듣게 되면 아직 너뿐이라고
Bugs 님이 등록해 주신 가사입니다.
가사 오류 제보","4,920"
53,빛이 나는 너에게,던 (DAWN),"그때 널 만나지 않았더라면
지금의 우린 어디에 있을까 

가장 예쁠 때의 너를 만나서
누가 뭐라 해도 뭐든 견딜 수가 있었어

빛이 나는 널 위해 많은 걸 놓아야만 한대도
괜찮아 난

알잖아 넌 내 전부였던 걸
날 잊어버릴 만큼 행복했어

괜찮아 내 모든 걸 잃어도
눈부시게 빛나는 널 볼 수만 있다면

봄날처럼 아름다웠어
너와 나는 한 폭의 그림처럼
돌이킬 수 없는 시간
새겨진 한 장면 속에
그림자조차 눈부셨으니까

빛이 났던 우리의 기억이
점점 사라진대도
괜찮아 난

알잖아 넌 내 전부였던 걸
날 잊어버릴 만큼 행복했어

괜찮아 내 모든 걸 잃어도
눈부시게 빛나는 널 볼 수만 있다면

깜깜했던 어둠 속
환하게 날 비추던 네가 보여
그 끝에 널 만났어
아무렇지 않은 듯
괜찮아 난

고마워 네가 전부였던 건
세상을 가진 만큼 행복했어
괜찮아 내 모든 걸 잃어도
눈부시게 빛나는 널 볼 수만 있다면
Bugs 님이 등록해 주신 가사입니다.
가사 오류 제보","2,019"
54,한숨,이하이,"숨을 크게 쉬어봐요 
당신의 가슴 양쪽이 저리게 
조금은 아파올 때까지 
숨을 더 뱉어봐요 
당신의 안에 남은 게 없다고 
느껴질 때까지 
숨이 벅차올라도 괜찮아요 
아무도 그댈 탓하진 않아 
가끔은 실수해도 돼 
누구든 그랬으니까 
괜찮다는 말 
말뿐인 위로지만
누군가의 한숨 
그 무거운 숨을 
내가 어떻게
헤아릴 수가 있을까요
당신의 한숨
그 깊일 이해할 순 없겠지만
괜찮아요 
내가 안아줄게요
숨이 벅차올라도 괜찮아요
아무도 그댈 탓하진 않아
가끔은 실수해도 돼
누구든 그랬으니까 
괜찮다는 말
말뿐인 위로지만
누군가의 한숨
그 무거운 숨을
내가 어떻게
헤아릴 수가 있을까요
당신의 한숨
그 깊일 이해할 순 없겠지만
괜찮아요
내가 안아줄게요
남들 눈엔 힘 빠지는
한숨으로 보일진 몰라도
나는 알고 있죠
작은 한숨 내뱉기도 
어려운 하루를 보냈단 걸
이제 다른 생각은 마요
깊이 숨을 쉬어봐요
그대로 내뱉어요
누군가의 한숨
그 무거운 숨을
내가 어떻게
헤아릴 수가 있을까요
당신의 한숨
그 깊일 이해할 순 없겠지만
괜찮아요
내가 안아줄게요
정말 수고했어요
Bugs 님이 등록해 주신 가사입니다.
가사 오류 제보","23,850"
55,내사람: Partner For Life,SG워너비,"내 가슴 속에 사는 사람 내가 그토록 아끼는 사람
너무 소중해 마음껏 안아 보지도 못했던
누구에게나 흔한 행복 한 번도 준 적이 없어서
맘 놓고 웃어 본 적도 없는 그댈 사랑합니다

내가 기쁠 때나 슬플 때나 함께 울고 웃어 주던
그댈 위해 내가 할 수 있는 건 뭐든 해주고 싶어

안녕 내 사랑 그대여 이젠 내가 지켜 줄게요
못난 날 믿고 참고 기다려줘서 고마워요
안녕 내 사랑 그대여 영원토록 사랑할게요
다시 태어나서 사랑한대도 그대이고 싶어요

어두운 밤길을 잃어도 서로 등불이 되어 주고
비바람 몰아쳐도 지금 잡은 두 손 놓지 말아요
내가 힘들 때나 아플 때나 내 곁에 있어 준 그대
미안하단 말로 고맙단 말을 대신하던 나였죠

안녕 내 사랑 그대여 이젠 내가 지켜 줄게요
못난 날 믿고 참고 기다려 줘서 고마워요
안녕 내 사랑 그대여 영원토록 사랑할게요
다시 태어나서 사랑한대도 그대이고 싶어요

넘어지고 몇 번을 다시 넘어진다 해도
그대만 있다면 다시 일어날 수 있는데

안녕 내 사랑 그대여 이젠 내가 지켜 줄게요
못난 날 믿고 참고 기다려 줘서 고마워요
안녕 내 사랑 그대여 이렇게 그댈 부를 때면
너무 행복해서 눈물이 나죠 사랑해요

나나 나나나 나나나 나나 나나나나 나나나 
나나 나나나 나나 나나나나나 (oh yeah, my baby)
나나 나나나 나나나 나나 나나나나 나나나 
나나 나나나 나나 나나 나나나
yk20109 님이 등록해 주신 가사입니다.
가사 오류 제보","101,454"
56,보고싶었어,WSG워너비(4FIRE),"너를 정말 사랑했나 봐 아직도 널 못 잊었나 봐
자꾸만 생각나
시간은 왜 자꾸 나에게 아픈 기억은 다 지우고
좋은 추억만 남아
우 함께 울고 웃던 계절에 다시 만난다면
보고싶었어 사랑했던 그때의 너와
니 곁에 그리고 나 널 바라만 봐도 눈물 나게
마냥 좋았어 너에게 못다 한 그 말
조금은 늦었겠지만 아직 널 사랑한다고 말야
라라라 라라라라랄랄라 라라라라랄랄라
보고싶었어
라라라 라라라라랄랄라 라라라라랄랄라
너도 내 맘 같기를
그땐 정말 어렸었나봐 사랑을 잘 몰랐었나 봐
그게 마음이 아파
우 오늘처럼 눈부신 날에 다시 만난다면
보고싶었어 사랑했던 그때의 너와
니 곁에 그리고 나 널 바라만 봐도 눈물 나게
마냥 좋았어 너에게 못다 한 그 말
조금은 늦었겠지만 (늦었겠지만)
아직 널 사랑한다고
꽃 피는 봄이 온 것처럼
당연한 듯 내곁에 머물 줄만 알았어 (항상)
주는 게 사랑이란 걸 그때야 난 깨달았어
니가 떠난 후에야
나 너에게 참 고마웠다고 벅차 행복했다고
사랑을 가르쳐 준 니가 참
보고싶었어 (보고싶었어) 너에게 듣고 싶은 말
아직 늦지 않았다고 (늦지 않았다고)
너도 날 기다렸다고 말야
라라라 라라라라랄랄라 라라라라랄랄라
보고싶었어 (Baby can you call me now)
라라라 라라라라랄랄라 라라라라랄랄라
너도 내 맘 같기를
Bugs 님이 등록해 주신 가사입니다.
가사 오류 제보","3,386"
57,같은 시간 속의 너,나얼,"꼭 그러지 않아도 
충분히 널 이해할 수 있어
다른 사람 곁에 서 있는 니 모습이
조금 어색하지만

다 버리지 않아도 
어떻게든 이겨낼 수 있어
다른 사랑 찾아가버린 니 얼굴이
그렇게 밉진 않아

이제 우리 같은 시간 속을 남처럼
그렇게 걸으면 돼
달아나도 가지 못할 기억 안고

아무말도 하지마요
더는 안된다는거 잘 알아요
많은 날들이 아무 의미없진 않겠죠
멀어지는 바람처럼

우리 함께한 기억들을 꿈처럼
그렇게 안으면 돼
눈 감아도 잊지 못할 추억의 널 묻고

아무말도 하지마요
더는 안된다는거 잘 알아요
사랑했던 날 모두 사라지진 않겠죠
우릴 스치는 안개처럼

아무것도 묻지 않을게요
이대로 묻어둘래요 나는요
거짓말처럼 또 하루가 살아지겠죠

떨어지는 
같은 시간 속의 너
Bugs 님이 등록해 주신 가사입니다.
가사 오류 제보","10,536"
58,Jasmine,DPR LIVE,"You know I can paint the world
Sitting there in black and gold
You're the perfect chemical
I gotta test I gotta know
You know I'm no criminal
But I could take your heart and go
You're the perfect chemical
I gotta test I gotta gotta
Just let me
Just let me
Just let me
Just let me
좋은 차 많은 돈
없을 수 있어 하지만
난 널 아낄 수 있고
또 소중히 다룰 수 있어
그리고 네가 원하면
우주선을 타 밤하늘
건너 별을 따 너의
손에 쥐여줄 수 있어
말만 해 뭐든지 뭐 어때?
비 오는 날 커피? okay
신사 홍대 압구? okay
아침에 no make up?
It's okay it's okay
I'll be getting it ready to fuse
Sitting on top of the world just cue
Missing a puzzle I swear it's you
You know I can paint the world
Sitting there in black and gold
You're the perfect chemical
I gotta test I gotta know
You know I'm no criminal
But I could take you heart and go
You're the perfect chemical
I gotta test I gotta gotta
Just let me
Just let me
Just let me
Just let me
If you let me be the code
네가 원하는 색깔별로
하늘도 바다도 산도
함께 칠할 수 있어
If you let me be the code
우리의 많은 다른 점도
선으로 이어갈 수 있어
Take one
If your new to this (paint the world)
We can roll with this (black and gold)
What to do with this (chemical)
Know your new to this
If your new to this (paint the world)
We can roll with this (black and gold)
What to do with this (chemical)
I gotta test I gotta gotta
Just let me
Just let me
Just let me
Just let me
Just let me
Just let me
Just let me
I could be the painter baby
You could be my
We could be drunk on that
Love till we pass out
Yeah right here right now
Yeah 너의 예쁜 허리에 두 손을
Girl can't we just dance now?
I could I could
I could paint your beauty
Thats if you
Just let me
Just let me
Just let me
Just let me
Coming to you live
You know I can paint the world
Sitting there in black and gold
You're the perfect chemical
I gotta test I gotta know
You know I'm no criminal
But I could take you heart and go
You're the perfect chemical
I gotta test I gotta
Bugs 님이 등록해 주신 가사입니다.
가사 오류 제보","9,141"
59,괜찮아도 괜찮아 (That's okay),도경수(D.O.),"숱하게 스쳐간
감정들에 무뎌지는 감각
언제부턴가 익숙해져버린
마음을 숨기는 법들

난 어디쯤에 와 있나
앞만 보고 달려오기만 했던
돌아보는 것도 왠지 겁이 나
미뤄둔 얘기들

시간이 가듯 내 안엔
행복했었던 때론
가슴이 저릴 만큼 눈물겨운 날도
매일 같이 뜨고 지는 태양과
저 달처럼 자연스레 보내

때론 울고 때론 웃고
기대하고 아파하지
다시 설레고 무뎌지고
마음이 가는 대로 있는 그대로

수많은 별이 그랬듯이
언제나 같은 자리
제 몫의 빛으로 환하게 비출 테니
숨기지 말고 너를 보여줄래 편히
네 모습 그대로 그래 괜찮아 괜찮아도

오늘 난 처음으로
솔직한 내 마음을 마주해
거울 앞에 서는 것도 머뭇대
이 표정은 또 왜 이리도 어색해

아름다운 건 늘 소중하고
잠시 머물다 아득히 멀어져도
늘 마주 보듯 평범한
일상을 채울 마음의 눈

그 안에 감춰둔 외로움도
잠시 머물 수 있게 해
그저 바라봐
부드러운 바람이 불면
마음을 열어 지나갈 하루야

때론 울고 때론 웃고
기대하고 아파하지
다시 설레고 무뎌지고
마음이 가는 대로 있는 그대로

수많은 별이 그랬듯이
언제나 같은 자리
제 몫의 빛으로 환하게 비출 테니
숨기지 말고 너를 보여줄래 편히
네 모습 그대로 그래 괜찮아 괜찮아도

두 손에 가득 채워질 추억들은
소중한 우리 이야기
진심이 담긴 마음이
시간이 지나 다시 기억할 수 있다면
말할 수 있을까
너도 행복했다고

너와 울고 같이 웃고
기대하고 아파했지
모든 걸 쏟고 사랑하고
마음이 가는 대로 있는 그대로

말하지 못할 고민거리
깊게 상처 난 자리
늘 같은 속도로 흘러가는 시간이
언제나 그랬듯이 씻어내줄 테니
흐르듯 살아도 그냥 괜찮아 괜찮아도
Bugs 님이 등록해 주신 가사입니다.
가사 오류 제보","10,873"
60,저 별,dori,"난 저 별을 보면 네 생각이 나 
멀리 가버린 널 맨날 떠올려 난
네 곁에서 널 바라볼 때도 네 생각에 난
멀리 가버릴까 두려웠으니까 

계속 나를 바라보는데 
그걸 몰랐나 봐 
저 멀리에서 바라보는데 난 
멈춰 서서 울먹이나 봐 

계속해서 나를 바라봐 줌 안되죠
저 멀리 서 있는 게 떠오를 때면 이 순간이 날 
계속해서 나를 바라봐 줌 안되죠
저 멀리 서 있는 게 더 날
또 날 멈춰세워 울먹이니까 

난 저 별을 보면 네 생각이 나
멀리 가버린 널 금방 떠올려 난
네 곁에서 널 바라볼 때도 네 생각에 난 
멀리 가버릴까 두려웠으니까

계속 나를 바라보는데 
그걸 몰랐나 봐 
저 멀리에서 바라보는데 난 
멈춰 서서 울먹이나 봐 
 
계속해서 나를 바라봐 줌 안되죠
저 멀리 서 있는 게 떠오를 때면 이 순간이 날 
계속해서 나를 바라봐 줌 안되죠
저 멀리 서 있는 게 더 날
또 날 멈춰세워 울먹이니까 

계속해서 나를 바라봐 줌 안되죠
저 멀리 서 있는 게 떠오를 때면 이 순간이 날 
계속해서 나를 바라봐 줌 안되죠
저 멀리 서 있는 게 더 날
또 날 멈춰세워 울먹이니까
Bugs 님이 등록해 주신 가사입니다.
가사 오류 제보",555
61,"All I Wanna Do (K) (Feat. Hoody, Loco)",박재범,"Girl 말해줘 네 마음 바로 지금
Baby 같이 올라가자 하늘 위로
All I wanna do is kick it with you
너의 몸매 그린 것만 같아 미술
오늘 의상처럼 네 마음도 씨쓰루
All I wanna do is kick it with you

Girl 뭐가 중요한지 baby 바로 말해줄게
나 지금 5천만원짜리 시계 찼지만
나는 너를 훨씬 아끼지 babe
네가 원한다면 안 찰게
허세 따위는 안 통하니까
넌 정말 신기한 여자
나를 노력하게 만드니까 baby oh yeah
우리 둘의 밤을 상상했어 girl all night
몸에 타투를 보여줘 If it’s alright

Girl 말해줘 네 마음 바로 지금
Baby 같이 올라가자 하늘 위로
All I wanna do is kick it with you
너의 몸매 그린 것만 같아 미술
오늘 의상처럼 네 마음도 씨쓰루
All I wanna do is kick it with you

어떡해 내 맘에 네가 들어오려 해
쉽게 빠질까 봐 위험해 보여 조심하려 할 때
움직여지지 않아 
날 보는 네 시선이 내 몸을 감아
하나로 얽혀 너와 나
이제부턴 아무도 풀지 못해
뻔하지 않게 우연같이 만나 baby
서로에게 녹아들어
오늘밤 우리 기분은 저 하늘 구름 위
네 몸에 타투를 보여줘 
이미 내 맘은 준비되어있어

Boy 말할게 내 마음 바로 지금
그래 같이 올라가자 하늘 위로
All I wanna do is kick it with you
네가 원한대로 내 대답은 Me too
이제부터 널 부르게 해줘 My boo
All I wanna do is kick it with you

내가 하고 싶은 모든 것 뒤엔
‘너와 함께’가 생략 되어 있지
요즘 인기 많은 교포오빠들과는 달라
김치 향기가 배어있지
덕분에 난 몰아 호랑이
택 달린 옷은 방에 쌓여가고 있어
밤에 입어 편하게
이젠 너는 나 나는 너로 구분 짓고
ALL I WANNA DO 라고 말해 편하게

너의 옆자리를 상상할 거고
그곳에는 내가 있게 될 거야
그리고 너에 대해 장담하건대
뭐든 할 수 있을 거라고 믿게 될 거야

Girl 말해줘 네 마음 바로 지금
Baby 같이 올라가자 하늘 위로
All I wanna do is kick it with you
너의 몸매 그린 것만 같아 미술
오늘 의상처럼 네 마음도 씨쓰루
All I wanna do is kick it with you
Bugs 님이 등록해 주신 가사입니다.
가사 오류 제보","20,051"
62,YOU AND I,박봄 (Park Bom) CONNECT 아티스트,"No matter what happens
Even when the skys falling down
I promise you
That I'm never let you go
Oh oh Oh oh Oh oh Yeah
You 내가 쓰러질 때 절대 흔들림 없이
강한 눈빛으로 몇 번이고 날 일으켜 줘
And You 나 힘에 겨울 때 슬픔의 벼랑 끝까지
또 어김없이 찾아와 두 손 잡은 그대에게
난 해준 게 없는데 초라한 나지만
오늘 그댈 위해 이 노래 불러요
Tonight 그대의 두 눈에 그 미소 뒤에
날 위해 감춰왔던 아픔이 보여요
You and I together it just feels alright
이별이란 말은 never
그 누가 뭐라 해도 난 그댈 지킬게
You and I together 내 두 손을 놓진 마
안녕이란 말은 never
내게 이 세상은 오직 너와 나기에
다른 많은 사람처럼
우리 사랑 역시 조금씩 변하겠죠
하지만 제발 슬퍼 말아요
오랜 친한 친구처럼
나만을 믿을 수 있게 기댈 수 있게
I promise you that I'll be right here baby
난 해준 게 없는데 초라한 나지만
오늘 그댈 위해 이 노래 불러요
Tonight 그대의 두 눈에 그 미소 뒤에
날 위해 감춰왔던 아픔이 보여요
You and I together it just feels alright
이별이란 말은 never
그 누가 뭐라 해도 난 그댈 지킬게
You and I together 내 두 손을 놓지 마
안녕이란 말은 never
내게 이 세상은 오직 너와 나기에
외로운 밤이 찾아 올 땐 나 살며시 눈을 감아요
그대의 숨결이 날 안을 때 무엇도 두렵지 않죠
이 세상 그 어떤 누구도 그대를 대신할 수 없죠
You're the only one and
I'll be there for you baby
You and I together it just feels alright
이별이란 말은 never
그 누가 뭐라 해도 난 그댈 지킬게
You and I together 내 두 손을 놓진 마
안녕이란 말은 never
내게 이 세상은 오직 너와 나기에
Just you and I Forever and ever
bugsmanager 님이 등록해 주신 가사입니다.
가사 오류 제보","183,617"
63,Missing You,플라이 투 더 스카이,"Lyrics, Composed, Arranged by 박창현 
Piano & programed by 박창현

이젠 그때가 아니라고 해도 
아니면 날 까맣게 잊었어도 
넌 단지 내게 지난 사람이라도 
tonight is just one night 너를 잃기 전처럼 

널 다시 갖고 싶은 내 마음은 
왜 그렇게 미련스러운 건지
니가 없는 날 인정할 수가 없는 
tonight is just one night 너를 잃기 전처럼 

한번만 내 맘을 들어줘 
every day every night I am missing you 
내 곁에 없어도 이젠 볼 수 없어도 
언제나 내 맘엔 똑같은 너인걸 

널 다시 갖고 싶은 내 마음은 
왜 그렇게 미련스러운 건지
니가 없는 날 실감 할 수가 없는 
tonight is just one night 너를 잃기 전처럼 

한번만 내 맘을 들어줘 
every day every night I am missing you 
내 곁엔 없어도 다신 볼 순 없어도 
언제나 내 맘엔 똑같은 너인걸

널 기대하잖아 다시 내게 온다고 
언제나 내 맘은 니 안에 갇힌걸

한번만 내 맘을 들어줘 (널 볼수 없는 난) 
every day every night I am missing you
내 곁에 없어도 다신 볼 수 없어도 
언제나 내 맘은 because I'm loving you and missing you

한번만 내 맘을 들어줘 
every day every night I am missing you
내 곁에 없어도 다신 볼 수 없어도 
언제나 내 맘엔 똑같은 너인 걸 
내겐 너만은 똑같은 너인걸
bee 님이 등록해 주신 가사입니다.
가사 오류 제보","237,929"
64,사랑은...향기를 남기고,테이(Tei),"가슴 아파서 목이 메어서 안간힘을 써봐도 
피해 갈 수도 물러지지도 않는 이별인가봐 
너무 놀라서 자꾸 겁나서 웃음으로 이기려해도 
눈치 빠른 눈물이 더 먼저 알고 날 흘러

난 소란스레 사랑했나봐 널 줬다 이내 뺏는 걸 보니 
분 넘친 행복을 또 시기했나봐 널 보내야만 하나봐

(I miss the love that I shared with U) 

온 세상이 취한 것 같아 
눈부셨던 우리 추억이 열 오르듯 비틀대잖아 
니 품에 살았던 날들과 꿈꾸었던 사랑이 
다 부서져 또 흩어져 향기로

I can't live without your love

내가 못나서 잡지 못해서 돌아 가슴 쳐봐도
지워 지지도 덜어지지도 않는 사랑 인가봐
니가 미워서 누굴 만나서 다시 시작 해 보려해도
수많은 니 그리움이 날 체하게 만들어

넌 나보다 더 용감한가봐 날 사랑한 적 없던 것처럼
잘 살아가는데 날 지워 가는데 난 왜 널 못 잊는 거니

(I miss the love that I shared with U) 

온 세상이 취한 것 같아 
눈부셨던 우리 추억이 열 오르듯 비틀대잖아 
니 품에 살았던 날들과 꿈꾸었던 사랑이 
다 부서져 또 흩어져 향기로

이렇게 하루 이틀이 가고 눈에 멀어져 살다가 보면 
언젠간 또 가슴에서도 무뎌지는 거라고 
그렇게 말을 하기까지 얼마나 싸워야 난 할지 
보이지 않는 나와 또 볼 수 없는 널 앞에 두고

(I miss the love that I shared with U) 

그 언제쯤 자유로울까 
니 이별도 못 한 게 있어 내 안에 널 데려가는 일 
난 그래 괜찮아 오늘도 너 땜에 힘 겨워도 
이 지독한 내 아픔도 우리가 사랑한 흔적인걸
knlove79 님이 등록해 주신 가사입니다.
가사 오류 제보","225,947"
65,Vancouver,BIG Naughty (서동현),"It's been 6 years and 100+ days
Since you left here
I'm getting paranoia
'Cause you're still here
Always in my voice
Yeah I'm on tour
Following your voice
It's been 6 years and 100+ days
Since you left here
I'm getting paranoia
'Cause you're still here
Always in my noise
Yeah I'm on tour
Following your voice
어떤 가사를 쓰건
결국 네 얘기를 쓰게 돼
어떤 친구를 만나도
네 생각에 엉망이 돼
네가 없는 서울의 밤거리를 걸을 때
너는 잠에서 지금 막 깼거니 해
가끔은 네가 너무 그리울 때
연락을 했다가도 지우는 게
맞겠거니 해
어쩌면 오지랖일 수도
있겠다 싶어
보냈던 카톡을 지워 그냥 잘 살겠거니 해
하다가도 항상 이상하게 밝은 네가
You 보단 Would you가 아직 익숙한 내가
행복했음 해
'Cause I'll be your best friend
Maybe boy whatever
Forever and never
울어도 돼 힘들어도 돼 기대도 돼
잘 못해도 돼 포기해도 돼
보기 좋게 안 꾸며도 돼
Just be yourself
있는 그대로
네 모습 그대로
Vancouver
네가 있는 곳으로 I'll move on
Yellow cab plane bus or Uber
비행기가 안 뜨면 I'll scuba dive
Vancouver
네가 있는 곳으로 I'll move on
Yellow cab plane bus or Uber
비행기가 안 뜨면 I'll scuba dive
여기까지가 네 생일날
보냈던 가사들이고 지금부터가
진짜 나의 마음이고 그냥 노래가
좋아서 내는 거니까 의미부여 하지마
고민하다가 지웠다던 그 카톡
사실 보냈었어
근데 답장하더라고 딴 사람이
그리고 바뀐 너의 프로필 속 그 사람이
그 사람이겠거니 하며 내 마음속엔 구름이
아마 그때부터였던 것 같아
너에 대한 내 집착이
심해져 갈 때마다
온 너의 연락 한 통이
나를 얼마나 미치게 했는지
너는 절대로 절대로 절대로 절대로
절대로 모를 거야
거짓말도 했어
인터뷰에서
혹시라도 네가 내 노래를 들을까 해서
네가 좋아하던 가수 제목 그대로 했어
난 네가 있던 시간에 혼자 남기로 했어
Vancouver
네가 있는 곳으로 I'll move on
Yellow cab plane bus or Uber
비행기가 안 뜨면 I'll scuba dive
Vancouver
네가 있는 곳으로 I'll move on
Yellow cab plane bus or Uber
비행기가 안 뜨면 I'll scuba dive
It's been 6 years and 100+ days
Since you left here
I'm getting paranoia
'Cause you're still here
Always in my voice
Yeah I'm on tour
Following your voice
It's been 6 years and 100+ days
Since you left here
I'm getting paranoia
'Cause you're still here
Always in my noise
Yeah I'm on tour
Following your voice
Bugs 님이 등록해 주신 가사입니다.
가사 오류 제보","2,523"
66,D (half moon) (Feat. 개코),DEAN(딘),"Love-love the stars
Love-love the moon
별 다를 것 없이
똑같은 공기
똑같은 침대에서
보이는 천장까지
왜 별 이유 없이
공허한 건지
그저 몇 시간 째
멍만 때리는 게
처음에는
배가 고픈가 했었는데
No way no way no way
요새는 
칸예 새 앨범을 들어도
뻔해 뻔해 뻔해 
TV를 틀어 놓은 채
채널만 돌려 보네
But bae 별 의미 없네
다 너의 반 반
반의 반의 반도
채워주질 못 하네
채워지지가 않네 Yeah
딱 너의 반 반
반의 반이라도 내게 남았더라면
이렇게 붕 떠있지는 않을 텐데
너 없는 밤도
달은 떴다는데
보이지 않아
네 생각에 가려진 채 Yeah
마음이 기운 채로
판단이 설 리가
너 하나 없다고
내가 이럴 리가 없는데
자꾸 그 때로 또 되감기 돼
네가 있던 자리 
그 자리 위 밤하늘까지 보여
저 반 쪽 짜리 달이
딱 지금 나의 모습 같지
다 너의 반 반
반의 반의 반도
채워주질 못 하네
채워지지가 않네 Yeah
딱 너의 반 반
반의 반이라도 내게 남았더라면
이렇게 붕 떠있진 않을 텐데
내일의 어둠이 
저 달을 한 입 삼키면
둘이 만들었던 세계도 
더 작아질 텐데
그리움만 꽉 차겠지 
지루한 하루들을 보낸 후
보름달 하늘에 뜰 때쯤에는
우린 하나라고 떠들고 
다닐 때만 해도 
너는 너고 나는 나라는 게
이렇게도 명확해질지 몰랐어
서로 생각할 시간 
시간 초과된 기분
더 지나면 서로 
돌아오라고도 못 해
난 지금 돈키호테처럼 
정처 없이 네 사랑을 꿈꾸네
난 네 눈만 봐도
텅 빈 이 맘을 다 채울 텐데
다 너의 반 반
반의 반의 반도
채워주질 못 하네
채워지지가 않네 Yeah
딱 너의 반 반
반의 반이라도 내게 남았더라면
이렇게 붕 떠있진 않을 텐데
Love-love the stars
Love-love the moon
딱 너의 반 반
반의 반이라도
내게 남았더라면
그랬더라면
Bugs 님이 등록해 주신 가사입니다.
가사 오류 제보","26,464"
67,내가 그댈,하동균,"Every time and every day
다신 찾지 않아요
난 알고 있었죠
나를 떠나려고
준비해 왔단 걸 그대
원망하진 않죠 이해할 수 있죠
모자란 나인 걸
알아요 그대 맘에 난 없죠
그댈 채우기엔 나란 사람
평범한 거죠
그래요 이런 날이 온 거죠
끝내 나 그대 맘에
들지 못한 건가요
내가 그댈 놓아 볼게요
다신 찾지 않아요
우연히 그댈 보아도
모른 척 할게요
이제 다른 사람 만나면
이러지는 말아요
이대론 그 누구도
사랑할 수 없어요
그래요 그대 맘에 난 없죠
또 다시 그댈 만날 거라
생각 안 해요
내가 그댈 놓아 볼게요
다신 찾지 않아요
우연히 그댈 보아도
모른 척 할게요
이제 다른 사람 만나면
이러지는 말아요
이대론 그 누구도
사랑할 수 없어요
나 처음 그댈 만난 설렘이
정말 정말 후회가 돼요
Every time and every day
그댈 사랑했어요
아직도 난 그래요
하지만 그댈 다시는
찾지 않을 테죠
이제 다른 사람 만나면
이러지는 말아요
나는요 사랑할 수 없어요 이젠
브로드일신 님이 등록해 주신 가사입니다.
가사 오류 제보",454
68,결국 (Feat. 로제 of BLACKPINK),G-DRAGON,"Love is painful all the love is painful

바보처럼 반복 That’s what I always do
But pain is beautiful It’s same as you
희망은 실망으로 소망은 절망으로
사랑이 깊어질수록 아픔은 deep해 더
이번엔 다를 거란 착각 혹은 기대 uh

결국.. 몇 년이 지났을까 영원이란 건 없다
결국.. 인연이 아닌 걸까 다시 혼자가 되다
겨우.. 겨우.. 겨우.. 
진짜 사랑을 찾은 줄 알다가
결국.. 또 결국.. 이렇게 끝나버린다

내 마음은 처음부터 그대로인데 
상처로 가득해 이젠 그대로 인해 점점 변해가
 
차가운 네 목소리에 나도 식어가고
멀어지는 우리 사이 되돌리기엔 
아무 감정 없이 서로를 맴돌기엔 힘에겨워 나
이별을 선물하고 돌아서 
I’m fallin’ without you

결국.. 누구의 잘못일까 사랑이란 건 없다
결국.. 이별이 지는 걸까 지쳐 나 잠이 들다

겨우.. 겨우.. 겨우..
여기까지가 마지막인지 우린
결국.. 또 결국.. 또 다시 남이 된다

내 마음은 처음부터 그대로인데 
상처로 가득해 이젠 그대로 인해 점점 변해가 

차가운 네 목소리에 나도 식어가고
멀어지는 우리 사이 되돌리기엔 
아무 감정 없이 서로를 맴돌기엔 힘에 겨워 나 

이별을 선물하고 돌아서 
I’m fallin’ without you
ye I’m fallin’ without you hey..

Let’s go
처음에는 몰랐겠지 
그녀의 빈 자리가 좋았겠지
하루 이틀 모레 지나 보낸 뒤에서야 
비로소 그녀가 고맙겠지
몰랐겠지 네 자신에 대해 
너 없이 잘 살 수 있다던 그 확신에 대해
오늘과 다른 내일 벌써 1, 2년 
이 시련만큼 늘어나는 미련

시간이 지나면 달라지길 기도해
For you my baby

내 마음은 처음부터 그대로인데 
상처로 가득해 이젠 그대로 인해 점점 변해가 

차가운 네 목소리에 나도 식어가고
멀어지는 우리 사이 되돌리기엔 
아무 감정 없이 서로를 맴돌기엔 힘에 겨워 나 

이별을 선물하고 돌아서 
I’m fallin’ without you
ye I’m fallin’ without you..
bbbgold 님이 등록해 주신 가사입니다.
가사 오류 제보","2,545"
69,잊어버리지마 (feat. 태연),Crush,"너와 나 언젠가 남이 되어도 
영영 닿을 수 없는 사이 되어도 
잊어버리지마 잃어버리지마
혹시나 다른 사람의 손 잡고 있어도
영영 닿을 수 없는 곳에 있어도 
잊어버리지마 잃어버리지마

따뜻해 볼이 맞닿을 때 살며시 
시린 내 손 잡아줄 때
차가운 세상에 지친 내 맘을
온기로 감싸네 내 눈에 담긴 너의 얼굴
내 품에 잠든 너의 모습
이대로 멈췄으면 해 
꽉 잡은 두 손 놓치면 안돼

너와 나 언젠가 남이 되어도 
영영 닿을 수 없는 사이 되어도 
잊어버리지마 잃어버리지마
혹시나 다른 사람의 손 잡고 있어도
영영 닿을 수 없는 곳에 있어도 
잊어버리지마 잃어버리지마

마주 앉아 널 바라보는 지금이 
영원하길 바래
혹시나 시간이 
우릴 질투 할까 봐 사실 걱정 돼
변치 마 always by my side 
영원히 함께 my love 

언젠가 날 기억해주길 
한 번쯤은 뒤 돌아보길 
부디 놓지 말아줘 
우릴 계속 바라봐주길
Oh My love 시간이 지나 baby 
너와 나 우리가 남이 되어도 
잊어버리지마 날 잊어버리지마
이 노랠 잊어버리지마
Bugs 님이 등록해 주신 가사입니다.
가사 오류 제보","17,218"
70,사랑이 잘 (With 오혁),아이유(IU),"미리 말할게 사과는 안 해
아무 말 없이 너 후회 안 해?
다 관심 없잖아 친구야 뭐야
Oh you know what to do

피곤해 그만 오늘은 놔 줘 
더 이상 반복하긴 싫어
또 다 내가 나빠 
아마 그래 난 널 미워하나 봐 

사랑이 잘 안 돼
떠올려 봐도
피부를 비비고 안아봐도 
입술을 맞춰도 참
생각대로 되지 않아
웃긴 것 같아
되돌려보려고 서로 모른 척해도
이제 와 우리가 어떻게
다시 사랑 같은 걸 하겠어

다섯 번째 미안하단 말이
이젠 너에게는 지겨운 건지
마지막일 거란 예감이 들어
Oh you know what to do
이건 내가 오늘 하루 종일
그린 저녁은 분명 아니야
널 보면 자꾸 네 안에 내가 보여서
이젠 내가 싫어

사랑이 잘 안 돼
떠올려 봐도
피부를 비비고 안아봐도 
입술을 맞춰도 참
생각대로 되지 않아
웃긴 것 같아
되돌려보려고 서로 모른 척해도
이제 와 우리가 어떻게
다시 사랑 같은 걸 하겠어

어디야 
넌 어디야 
집이야 
난 택시야 
집에 거의 다 와가니
Oh 미안해 
뭐 어떤 게 
그냥 다
들어가
나 지갑 거기 두고 왔어
Oh 있잖아 
아니야 
말해 봐 
이제 더 사랑하지 않는 것 같아
아

사랑이 잘 안 돼
떠올려 봐도
피부를 비비고 안아봐도 
입술을 맞춰도 참
생각대로 되지 않아
웃긴 것 같아
되돌려보려고 서로 모른 척해도
이제 와 우리가 어떻게
다시 사랑 같은 걸 하겠어
Bugs 님이 등록해 주신 가사입니다.
가사 오류 제보","19,622"
71,밤이 돼도,한올,"come with me please baby
밤이 돼도 너와 나는 함께야
닿지 않아도 자욱해

you come with me please baby
밤을 넘어 너와 함께 가고 싶어
우리가 지은 사랑의 섬으로 umm

You and i swim in heaven tonight

말하지 않아도 들려
서로의 눈빛으로

고여있던 침묵을 깨는
물방울 소리에 나
너에게 빠지고 싶은 건

come with me please baby
밤이 돼도 너와 나는 함께야
닿지 않아도 자욱해

you come with me please baby
밤을 넘어 너와 함께 가고 싶어
우리가 지은 사랑의 섬으로 umm

You'd better hold me tighter all night

너와 있을 땐 날고 있는 거야 난
하늘을 나는 것 같아

come with me please baby
밤이 돼도 너와 나는 함께야
닿지 않아도 자욱해

you come with me please baby
밤을 넘어 너와 나누고 싶어
우리만 아는 사랑의 언어로

밤새도록 우린 함께야

You and i swim in heaven tonight

Get me closer
Let me fly higher
Bugs 님이 등록해 주신 가사입니다.
가사 오류 제보",58
72,her,정기고(Junggigo),"힘들었지
말 안 해도 알아 오늘도

어두운 방에
혼자 구겨진 채 또 누워 있니
내게 다 말해줘 나한테 일러도 돼
나만 알고 있을게
잠들 때까지
곁에 있어 줄게
어둡지 않게 켜둘게
네가 무섭지 않게
언제까지라도
들어줄게 내게 말해줘 내가
다 들어줄게
늦은 밤 혼자 집에 가는 길에
지친 하루 내가 힘이 되어 줄 수만 있다면
내게 다 말해줘 나한테 일러도 돼
나만 알고 있을게
잠들 때까지
곁에 있어 줄게
어둡지 않게 켜둘게
네가 무섭지 않게
언제까지라도
들어줄게 내게 말해줘 내가
다 들어줄게
내게 말해줘
Bugs 님이 등록해 주신 가사입니다.
가사 오류 제보",43
73,딱 10CM만,10CM,"1 2 3 4 5 6 7 8 9 10
딱 10CM만
더도 말고 덜도 말고 딱 그 정도만
한번 해보자
우리 멀어져 보자
딱 반 발자국만
더도 말고 덜도 말고 딱 그 정도만
한번 해보자
우리 멀어져 보자
자세히 보아야 예쁘다
오래 보아야 사랑스럽다
참 좋아하던 말이었는데 글쎄
아무거나 눌러보다가
한발자국 뒤에서
보면 보이지 않던 아름다움이
보인다는 말에
집에 가는 길에
액정 밖의 화면을 봤네
맨날 본 똑같은 거리들이
오늘따라 이상하게 예뻐 보이는 게
싫은 것도 싫지 않아야 어른이 되지
우리 조금만 반 발자국만
한 발자국만 아님 반 발자국만
멀어져 볼까
1 2 3 4 5 6 7 8 9 10
딱 10CM만
더도 말고 덜도 말고 딱 그 정도만
한번 해보자
우리 멀어져 보자
딱 반 발자국만
더도 말고 덜도 말고 딱 그 정도만
한번 해보자
우리 멀어져 보자
꽃을 보았다 예뻤다
자세히 보려고 꺾었다
참 좋아하던 향이었는데 글쎄
이제는 한 두번 누르는 향수처럼
쉽게 피고 아쉽게 지는
자세히 안 봐도 오래 안 봐도
이 거리를 가득 채우는 꽃들도 있더라고
삐거덕 거리는
빈 수레바퀴는
쉼과 의심 그 사이 어딘가로 더
미끄러져가는데
일찍이 이미 희미해 져버린
우리의 길 위 의미는 헤져버린
목적지에 적힌 음표와 같아서
1 2 3 4 5 6 7 8 9 10
딱 10CM만
더도 말고 덜도 말고 딱 그 정도만
한번 해보자
우리 멀어져 보자
딱 반 발자국만
더도 말고 덜도 말고 딱 그 정도만
한번 해보자
우리 멀어져 보자
딱 10CM만
더도 말고 덜도 말고 딱 그 정도만
한번 해보자
우리 멀어져 보자
딱 반 발자국만
더도 말고 덜도 말고 딱 그 정도만
한번 해보자
우리 멀어져 보자
Bugs 님이 등록해 주신 가사입니다.
가사 오류 제보","3,020"
74,미안해,양다일,"습관처럼 떠오르던
눈에 아른거리던 네 모습이
더는 그려지지 않아
거짓뿐이었던 너의 말과
너도 모르는 너의 모습들을
더는 원치 않아
단 한 번뿐인 이별에도 말하지 못한
너의 진심을 이젠 다 알 것 같은데
미안해 더는 널 바라보지 않아
미안해 더는 나 후회하지 않아
다시 널 마주할 그 순간에도
널 사랑하지 않아 말할 수 있어
수화기 너머 들리는
지친 날 위로하던 네 목소리
더는 그려지지 않아
함께 쌓았던 추억과
그 많던 말들이 아쉬워서
전하지 못한 말들이
미안해 더는 널 바라보지 않아
미안해 더는 나 후회하지 않아
다시 널 마주할 그 순간에도
널 사랑하지 않아 말할 수 있어
어색하게 만난 우리 시작도
처음 고백했던 그 순간들도
다 어제 같은 일인데
누굴 만나 사랑한다는 게
너를 만나 내가 변해간단 게
이젠 없어
미안해 더는 널 사랑하지 않아
미안해 더는 나 후회하지 않아
힘든 시간들에 지쳐갈 때도
이렇게 해야만 내가 편할 것 같아
Bugs 님이 등록해 주신 가사입니다.
가사 오류 제보","15,900"
75,추억은 사랑을 닮아,박효신 CONNECT 아티스트,"그대가 부네요
내 가슴안에 그대라는 바람이
언제나 내게 그랬듯이
내 맘 흔들어 놓고
추억이라는 흔적만 남기고 달아나죠
난 길을 잃었죠
늘 그대라는 사람만 보다가
단 한 번 의심하지 않고 여기까지 왔는데
그대없는 낯설은 길 위에 남아있죠

가져가세요 좋은 기억마저도
그대가 없이는 내겐 짐만 될텐데
자꾸 꺼내보면 그리움만 커져서
다시 돌아가는 길 발걸음 또 멈추게 하죠

추억은 사랑을 닮아 난 자꾸 돌아보겠죠
그곳엔 아직도 그대가 있어서
그래서 아픈가봐요
한 번쯤 꼭 한 번쯤은 그대도 날 볼까봐
오늘도 기다려요

나 이제 어쩌죠
아무리 그댈 달아나려 해봐도
한뼘도 멀어지지 못해 매일 같은 자리에
매일 같은 무게로 하루를 살아가죠
어딜 보아도 온통 그대 뿐이죠
날 보던 눈빛이 자꾸 맘에 걸려서
다시 눈을 감고 그댈 지우려하면
굳게 다문 입술이 떨려와
참았던 눈물이 흐르죠

추억은 사랑을 닮아 난 자꾸 돌아보겠죠
그곳엔 아직도 그대가 있어서
그래서 아픈가봐요
한 번쯤 꼭 한 번쯤은 그대도 날 볼까봐
오늘도 기다려요
어느 날 뒤돌아보다
그대가 나를 본다면 나 어떻게 하죠
아무 말 못하는 나를 잘 알잖아요

추억은 바람을 타고 언젠가 흩어질텐데
울어도 소리쳐봐도
모른 척 버리려해도 잊지 못할 그 사람
오늘도 기다려요
나를 잘 알잖아요
redlob 님이 등록해 주신 가사입니다.
가사 오류 제보","37,180"
76,DIE 4 YOU,DEAN(딘),"I don't wanna go
Till everything comes crashing down
You're the one I want
When everything comes crashing down
그냥 왜인지 난
너가 돌아올 것 같은데
I don't wanna go
Till everything comes crashing down
You're the one I want
When everything comes crashing down
Could you tell me once again, again?
Oh-oh-oh
널 안아줬던
그 날 처럼
오늘도 비가 오고 있어
Could you kill me once again, again?
Oh-oh-oh
Cuz I know, I know
I'll be loving you
I'll be loving you
I'm still loving you
Baby you know I'd die for you
네가 떠오르면 나는 미쳐
사실 아직 안믿겨
늦었을지도
모르지만
Let you know
어떤 멜로디도
그 어떤 스토리도 내겐
네 잔상일 뿐인데
I know it is way too late
I know it is way too crazy
But if you give me one more chance
Could you tell me once again, again?
Oh-oh-oh
날 떠나갔던
그 날부터
하루도 잊은적 없어 난
Could you kill me once again, again?
Oh-oh-oh
Cuz I know, you know
I'll be loving you
I'll be loving you
What's wrong?
Baby you know I'd die for you
I would die for you
I would die for you
I would die for you
I would die for you
Bugs 님이 등록해 주신 가사입니다.
가사 오류 제보","2,121"
77,사랑이라 믿었던 것들은 (Feat. 이수현),BIG Naughty (서동현),"사랑이라 믿었던 것들은
어린 날의 추억일 뿐
추억이라 믿었던 것들은
오래 썩는 기억일 뿐
기억이라 믿었던 것들은
지금 너와 나의 기쁨
깊은 곳에서 숨 쉬는
불행들의 연료일 뿐
불행이라 믿었던 것들은
어린 날의 상처일 뿐
상처라 믿었던 것들은
새로운 살의 양분일 뿐
새살이라 믿었던 것들은
의미 없는 가죽일 뿐
그 살가죽을 뚫고 온 너를
사랑이라 믿었을 뿐
길 잃었다
실없다
일없다
사랑에
길 잃었다
웃었다
누군가
웃는 바람에
길었다
질었다
굶주렸다
사랑 따위에
비웠다
지웠다
고작
너란 사람에
쉬웠다
사랑이라 믿었던 것들은
어린 날의 미련일 뿐
미련이라 믿었던 것들은
피지 못한 필연일 뿐
필연이라 믿었던 것들은
지금 너와 나에 깃든
더 짙은 색으로 태어난
시련들의 시작일 뿐
시작이라 믿었던 것들은
끝의 예쁜 이름일 뿐
이름이라 믿었던 것들은
너의 작은 조각일 뿐
조각이라 믿었던 것들이
어쩌면 너의 전부
그 전부를 건넨 너를
사랑이라 믿었을 뿐
사랑이라 믿을 때쯤에
넌 왜 불행에 불을 지피는데
상처라고 믿었었는데
넌 왜 새살이 날 용기를 주는데
미련이라 믿을 때쯤에
넌 왜 나타나 날 부추기는데
어젠 시작이라 믿었었는데 넌 왜
오늘의 끝엔 나를 밀어내는데
길 잃었다
실없다
일없다
사랑에
길 잃었다
웃었다
누군가
웃는 바람에
길었다
질었다
굶주렸다
사랑 따위에
비웠다
지웠다
고작
너란 사람에
쉬웠다
Bugs 님이 등록해 주신 가사입니다.
가사 오류 제보","1,793"
78,그건 아마 우리의 잘못은 아닐 거야,백예린,"사실은 나도 잘 모르겠어
불안한 마음은 어디에서 태어나
우리에게까지 온 건지
나도 모르는 새에 피어나
우리 사이에 큰 상처로 자라도
그건 아마 우리의 잘못은 아닐 거야
그러니 우린 손을 잡아야 해
바다에 빠지지 않도록
끊임없이 눈을 맞춰야 해
가끔은 너무 익숙해져 버린
서로를 잃어버리지 않도록
나도 모르는 새에 피어나
우리 사이에 자주 아픔을 줘도
그건 아마 우리를 더 크게 해줄 거야
그러니 우린 손을 잡아야 해
바다에 빠지지 않도록
끊임없이 눈을 맞춰야 해
가끔은 너무 익숙해져 버린
서로를 잃어버리지 않도록
익숙해진 아픈 마음들
자꾸 너와 날 놓아주지 않아
우린 행복할 수 있을까
그러니 우린 손을 잡아야 해
바다에 빠지지 않도록
끊임없이 눈을 맞춰야 해
가끔은 너무 익숙해져 버린
서로를 잃어버리지 않도록
Bugs 님이 등록해 주신 가사입니다.
가사 오류 제보","12,675"
79,그땐 그땐 그땐,슈프림팀(Supreme Team),"Yeah, Supreme Team
Secret K, Brown Eyed Soul
I miss You, baby

내가 잘못했어 그 지겨운 말
억지로 널 붙잡고 흐느껴 운 날
내 진심은 닳아버렸어 그런 순간들을
모면하는 법까지 연기일 수밖에
물론 넌 그런 나를 알고 있었기에
얼굴 붉히는 일 없이 더 이상 
기회는 없을 거라고 단정하며
오히려 차분하게 날 떠났어
그땐 지쳐 있었어
나의 너를 안아주기엔 자격조차 없었거든
사랑보단 안정감이 더 커서 마음만 
아슬하게 걸쳐 있었을 뿐 아름다운 
너에게 난 상처가 되기 싫어서
나쁜 놈으로 남긴 싫어서
끝내는 되돌릴 방법 하나
생각 못하고 너를 그냥 보냈잖아

나를 녹여 주던 너의 그 눈물도
이젠 내 맘을 얼게 하네
빛을 담고 있던 너의 그 미소도
졸린 내 눈에 가리워지네

정말 답답해 왜 이런 건지
그땐 그땐 그땐 좋았었는데
정말 비참해 내 앞에 너를
그땐 그땐 그땐 사랑했는데

깨끗이 잊는 법 상처 다 아문 척
이제는 진짜 새로운 만남 시작해도 되는 때라고 
말은 한다만 내 맘 같지 않아
어차피 사랑이란 게 다 애들 장난
같은 거라 말하며 날 억지로 위로해
그래 이 꼴엔 그런 구차함도 필요해
똑같은 곳에서 일하고
똑같은 침대에서 잠을 자고
예전과 다를 것 없이 지내지만 
딱 한 가지가 다르지
더 그럴듯한 변명거리나 
날 미치도록 몰두하게 할 일들이 뭐가 있을까 
어떻게 텅 비어버린 날 채울까

나를 녹여 주던 너의 그 눈물도
이젠 내 맘을 얼게 하네
빛을 담고 있던 너의 그 미소도
졸린 내 눈에 가리워지네

정말 답답해 왜 이런 건지
그땐 그땐 그땐 좋았었는데
정말 비참해 너와 나 정말
그땐 그땐 그땐 사랑했는데

내가 똑바로 서 있지 못하거나
불안한 모습 보인다거나
그럴 땐 누가 날 안아줄지
그땐 누가 날 안아줄지
내가 똑바로 서 있지 못하거나
불안한 모습 보인다거나
그럴 땐 누가 날 안아줄지
그땐 누가 날 안아줄지

비틀 비틀 비틀 시간은 흐르고
빛바랜 꿈은 지워지고
빙글 빙글 빙글 내 맘은 겉돌고
사랑한 날은 멀어져가고

정말 답답해 왜 이런 건지
그땐 그땐 그땐 좋았었는데
정말 비참해 내 앞에 너를
그땐 그땐 그땐 사랑했는데

견뎌내는 것도 널 지우는 것도
후회하는 것도 변한 게 하나 없어 
견뎌내는 것도 널 지우는 것도
후회하는 것도 변한 게 하나 없어 

견뎌내는 것도 널 지우는 것도
후회하는 것도 변한 게 하나 없어 
견뎌내는 것도 널 지우는 것도
후회하는 것도 변한 게 하나 없어
bsadmin56 님이 등록해 주신 가사입니다.
가사 오류 제보","22,994"
80,NASA (feat. FKJ),DEAN(딘),"전혀 알 수가 없대
더는 이해 할 수 없대
아직도 넌 이상 속에
현실을 보지 못해

넌 빛에 닿으려 해
과거는 어두웠기에
아 맞아 넌 멀리 간 게
미래는 더 어두웠기에

어린 눈에 비친
찬란히 빛나던 빛을
아직 넌 기억해? 

Come back to Earth
Don't think too much
You've gone too far away
There is nothing else
Cuz the light is inside of your heart
Whoo

Ah ah ah ah -
Ah ah ah ah -

Come back to Earth
(Come back to now)
Don't think too much

Heart is bumpin' again
Soul is buzzin' again 
I know
You know

Find the signal again
기다릴게 저 먼 미래에서 
(Don't be fallin' again)
Just run
Run
Bugs 님이 등록해 주신 가사입니다.
가사 오류 제보",232
81,비,폴킴(Paul Kim) CONNECT 아티스트,"비가 내리다 말다
우산을 챙길까 말까
tv엔 맑음이라던데
네 마음도 헷갈리나봐

비가 또 내리다 말다
하늘도 우울한가봐
비가 그치고나면
이번엔 내가 울것만같아

Strumming down to my memories
지직거리는 라디오에선
또 뻔한 love song
잊고있던 아픈 설레임
널 생각나게해

우리 걷던 이길위에
흘러나오던 멜로디 
흥얼거렸었지 넌 어디있니
하늘은 이렇게 맑은데
비에 젖은 내 마음을
따뜻하게도 비춰주던 너는
나에게 햇살같아
그런널 왜 난 보냈을까
Good bye

So hard to lose but easy to repeat
푹 숙인 얼굴 날 알아봤을까
I'm losing my breathe
잊고싶은 아픈 기억들
날 더 힘들게해

시간가는 줄도 모르고
나눴던 수많은 밤과 사랑노래
꿈보다 달콤했지
쉽게 포기한건아닌지
우연히널 마주친 순간
내 마음 들킬까봐 뒤돌아섰어
널 잡았다면
그런 널 왜 난 보냈을까 
Good bye

우리 걷던 이길위에
흘러나오던 멜로디 
흥얼거렸었지 넌 어디있니
하늘은 이렇게 맑은데
비에 젖은 내 마음을
따뜻하게도 비춰주던 너는
나에게 햇살같아
그런널 왜 난 보냈을까
Good bye
Bugs 님이 등록해 주신 가사입니다.
가사 오류 제보","27,127"
82,Offline (Feat. shaltt),entoy,"When my fears are pouring out
Can't take control let it be
I feel it, stop shattering around
You're never right
'Forget what I've meant'
My friends are saying a lot
You're wasting time and souls, please
Stop this I'm begging you for real
'Just let me be'
That fire raising at my sight
And you, stay back,
stop dragging me along into this fire
But I will never let myself down
Never let my guards down, think straight
Cause' you are only thing that I should watch out
Someone please take me back again
When you fall back to the part,
The part I love the most
Late night, the stars are shining bright
Like the time we used to live
The time that ended
Feeling so depressed today night
I gotta get some air
The past is past, right
Never look back now
Like I can't see you clear
It's hard to stay calm like you did
It's up to me, so
That fire raising at my sight
And you, stay back,
stop dragging me along into this fire
But I will never let myself down
Never let my guards down, think straight
Cause' you are only thing
that I should watch out
Someone please take me back again
When you fall back to the part,
The part I love the most
Late night, the stars are shining bright
Like the time we used to live
The time that ended
Bugs 님이 등록해 주신 가사입니다.
가사 오류 제보",15
83,미워 (Ego),Crush,"유난이라고 하지 마 
밤길은 위험하니까
딱 현관문 앞까지만

정말 얄미워
어쩜 이렇게 예뻐
나 떨어지기 싫어
아쉬워 너 미워

투정 같은 내 말투
달래는 너의 입맞춤
켜진 우리 머리 위에 불
아른하게

Girl you killed my ego
어쩜 이렇게 예뻐
나 떨어지기 싫어
아쉬워 너 미워

너 미워
미워 미워 미워
너 미워
미워 미워 미워

혼자 흥얼거려 멜로디 음
둘이 같이 들었던 노래야 음
반가움에 절로 미소 방긋
똑 닮아가는 우리 둘

또렷한 색에 옷이 물들 듯
심장은 너로 번져 온통 하얀색 구름 
(아니 그러니까)
너희 강아지 산책만 같이 가면 안 돼? 응?

투정 같은 내 말투
달래는 너의 입맞춤
켜진 우리 머리 위에 불
아른하게

Girl you killed my ego
어쩜 이렇게 예뻐
나 떨어지기 싫어
아쉬워 너 미워

너 미워
미워 미워 미워
너 미워
미워 미워 미워

널 사랑한다는 이 말도
닳고 닳은 표현이라도
맞닿은 우리 둘의 마음도
밝게 비추네 이 밤

Girl you killed my ego
어쩜 이렇게 예뻐
나 떨어지기 싫어
아쉬워 너 미워
Bugs 님이 등록해 주신 가사입니다.
가사 오류 제보","1,229"
84,Rush Hour (Feat. j-hope of BTS),Crush,"Yo I've been walking on the street yo
유엔빌리지에서 한강진역
이태원을 지나왔어 언덕길로
클랙슨은 목이 쉬어 퇴근길마다 삐걱삐걱
그게 자그마치 2년
입에 단내가 나 미칠 지경
작업실로 당당하게 내비 찍어
This is Crush hour 비켜라 비켜
We gotta celebrate 넌 즐기기만 해
누가 뭐래도 Baby
Hey ladies and gentlemen
do what you wanna do baby
그러니까 너넨 히비히비합 질러 빽빽
다시 Clap clap clap and then hit that
하나둘 모여 마치 Traffic jam
Get up get up
그러니까 너넨 히비히비합 질러 땍땍
따라 해 어때 생각보다 쉽지
모두 모여 마치 Traffic jam
Get up (get up) get on up
Yo I've been walking on the street yo
서울숲에서부터 근방 직경
But 어딜 가든 이젠 레드카펫 Feel yo
사진 소리 찰칵찰칵 가는 길마다 찍어 찍어
붐비는 People 마치 Traffic 기분
보험마저 없는 내 미래 비전
Y'all trippin' whole lotta freaks
And now Crush hour 난 그냥 형 따라 직진
We gotta celebrate 넌 즐기기만 해
누가 뭐래도 Baby
Hey ladies and gentlemen
do what you wanna do baby
그러니까 너넨 히비히비합 질러 빽빽 (빽빽)
다시 Clap clap clap and then hit that (hit that)
하나둘 모여 마치 Traffic jam
Get up get up
그러니까 너넨 히비히비합 질러 땍땍 (땍땍)
따라 해 어때 생각보다 쉽지
모두 모여 마치 Traffic jam
Get up (get up rush hour)
Take'em to the bridge
La la la la la la la la
La la la la la la la
La la la la la la la la
La la la la la la la
This is Crush hour Crush hour Crush hour
This is Crush hour Crush hour Crush hour
Watch Out (Watch Out)
Watch Out (Watch Out)
This is Crush hour Crush hour Crush hour
Bugs 님이 등록해 주신 가사입니다.
가사 오류 제보","4,329"
85,Still With You,정국,"날 스치는 그대의 옅은 그 목소리
내 이름을 한 번만 더 불러주세요
얼어버린 노을 아래 멈춰 서있지만
그대 향해 한 걸음씩 걸어갈래요
Still With You
 
어두운 방 조명 하나 없이
익숙해지면 안 되는데
그게 또 익숙해
 
나지막이 들리는
이 에어컨 소리
이거라도 없으면
나 정말 무너질 것 같아
 
함께 웃고 함께 울고
이 단순한 감정들이
내겐 전부였나 봐
 
언제쯤일까
다시 그댈 마주한다면
눈을 보고 말할래요
보고 싶었어요
 
황홀했던 기억 속에
나 홀로 춤을 춰도 비가 내리잖아
이 안개가 걷힐 때쯤
젖은 발로 달려갈 게
그때 날 안아줘
 
저 달이 외로워 보여서
밤하늘에 환하게 울고 있는 것 같아서
언젠가 아침이 오는 걸 알면서도
별처럼 너의 하늘에 머물고 싶었어
 
하루를 그 순간을
이렇게 될 걸 알았다면
더 담아뒀을 텐데
 
언제쯤일까
다시 그댈 마주한다면
눈을 보고 말할래요
보고 싶었어요
 
황홀했던 기억 속에
나 홀로 춤을 춰도 비가 내리잖아
이 안개가 걷힐 때쯤
젖은 발로 달려갈 게
그때 날 잡아줘
 
날 바라보는 희미한 미소 뒤편에
아름다운 보랏빛을 그려볼래요
서로 발걸음이 안 맞을 수도 있지만
그대와 함께 이 길을 걷고 싶어요
Still With You
Bugs 님이 등록해 주신 가사입니다.
가사 오류 제보","2,383"
86,For You (Feat. Crush),이하이,"When my heart is beating for you
That's when I lose my control
When my heart is beating for you
Come close to me
Come close to me
When my heart is beating for you
It's crazy I see nothing but you
Baby my heart's beating for you
Come close to me
Give a kiss to me
Listen to me
I am the woman that you've been waiting for
Would you push the button
That you've been looking for
With just one kiss you're gonna need it more
Baby I could give you what you want
When my heart is beating for you
And my mind feels Baby Blue
Baby my heart's beating for you
Come close to me
Come close to me
Close to me
Listen to me
I am the man that you've been waiting for
Would you push the button
That you've been looking for
With just one kiss
You're gonna need it more
Baby I could give you what you want
When my heart is beating for you
(You're the only one that make me feel)
And my mind feels Baby Blue
(You're the only one that)
Baby my heart's beating for you
(You're the only one that make me feel)
Come close to me
Come close to me
When my heart is beating for you
(You're the only one that make me feel)
And my mind feels Baby Blue
(You're the only one that)
Baby my heart's beating for you
(You're the only one that make me feel)
Come close to me
Come close to me
Close to me
You're the only one that make me feel
You're the only one that
You're the only one that make me feel
You're the only one that
You're the only one that make me feel
You're the only one that
You're the only one that make me feel
Bugs 님이 등록해 주신 가사입니다.
가사 오류 제보","6,358"
87,넌 쉽게 말했지만,소수빈,"어젯밤 네가 나에게 말하던
그런 이유가 전부였다면
이별까지는 생각하지 못했을 거야
숨기려 해도 느낄 수 있잖아
이미 사라진 너의 웃음을
말을 할수록 변명처럼 느껴지는 걸
아이처럼 맑은 너의 미소를 보며
사랑을 느낄 수 있었지
그런 말이 너에게는 어울리지 않아
그 차가운 너의 눈빛도
우리 이제
그저 이대로 너를 지워야 하나
사랑하지 않아
처음부터 그런 말은 하지 않았지
아이처럼 맑은 너의 미소를 보며
사랑을 느낄 수 있었지
그런 말이 너에게는 어울리지 않아
그 차가운 너의 눈빛도
사랑을 느낄 수 있었지
그런 말이 너에게는 어울리지 않아
그 차가운 너의 눈빛도
차가운 너의 눈빛도
차가웠던 너의 눈빛도
Bugs 님이 등록해 주신 가사입니다.
가사 오류 제보","1,048"
88,White Snow (Feat. prettyhappy),Dept(뎁트),"Cuz I feel the warmest now that I'm with you, baby
그대와 함께 있으면 나는 가장 따뜻하니까
Wait for snow to fall into both our lives
우리 인생에 눈이 내리기를 기다리고 있어요
Can you see my breath like fog in the winter nights yeah
이 겨울밤, 나의 숨이 안개처럼 퍼지는 게 보이는가요?
Can you warm me up and hold me so tight
그대의 온기로 나를 빈틈없이 안아줘요

When the sky opens up
하늘이 열리면
And starts crying on all us
우리 위로 눈이 쏟아지기 시작할 거예요
That's the time when
바로 그 순간이죠
When us lovers fall like
우리 연인들이 사랑에 빠지는 시간
The snow that packs the streets
거리에 소복이 쌓인 눈처럼 감정이 쌓여가죠
So don't know why I feel this way
내 마음이 왜 이러는지 모르겠어요
Like the weather I just change
계절이 변하듯 내가 변했나 봐요
When the snow starts falling, I need your embrace
눈이 내리기 시작하면 난 그대의 품이 필요해요

lt's so cold I might freeze
너무 추워서 나 얼어붙을지도 몰라요
Better stay close to me
내 곁에 가까이 있는 게 좋을 거예요
Hold me tight when you wrap your arms around me
나를 감싼 그대의 두 팔로 힘껏 안아줘요

Cuz I feel the warmest now that I'm with you, baby
그대와 함께 있으면 나는 가장 따뜻하니까
Wait for snow to fall into both our lives
우리 인생에 눈이 내리기를 기다리고 있어요
Can you see my breath like fog in the winter nights yeah
이 겨울밤, 나의 숨이 안개처럼 퍼지는 게 보이는가요?
Can you warm me up and hold me so tight
그대의 온기로 나를 빈틈없이 안아줘요

lt's rare for me to think
흔치 않은 일이죠
Of winter so warmly
겨울을 따뜻하게 느끼다니
It must be you and our memories
분명 그대와 나의 기억 때문일 거예요
In a field far as eyes see
내 눈에 보이는 건
Only snow and your smiling
흰 눈과 그대의 미소뿐이죠
Was warmer than sunlight in May
5월의 햇볕보다 더 따스했던 순간

Another morning without you
그대가 없는 아침은
Another morning without you
그대가 없는 아침은
Another snowless winter waiting for
눈이 내리지 않는 또 하나의 겨울이에요
My girl to call back
그대의 연락을 하염없이 기다리죠

lt's so cold I might freeze
너무나 추워요, 나 얼어붙을지도 몰라요
Better stay close to me
내 곁에 가까이 오는 게 좋을 거예요
Hold me tight when you wrap your arms around me
나를 감싼 그대의 두 팔로 힘껏 안아줘요

Cuz I feel the warmest now that I'm with you, baby
그대와 함께 있으면 나는 가장 따뜻하니까
Wait for snow to fall into both our lives
우리 인생에 눈이 내리기를 기다리고 있어요
Can you see my breath like fog in the winter nights yeah
이 겨울밤, 나의 숨이 안개처럼 퍼지는 게 보이는가요?
Can you warm me up and hold me so tight
그대의 온기로 나를 빈틈없이 안아줘요

Does it mean if you go
그대가 떠나버린다면
I'll remember the cold
난 이 차가운 계절을 기억할 거예요
All the nights spent alone
눈이 다 녹아 사라질까 걱정하며
Wondering if all the snow would disappear
홀로 보낸 추운 밤들
So please stay
그러니 그냥 머물러줘요
And remind me to say
내가 그대에게 사랑을 말할 수 있도록
Keep me warm every day during winter
이 겨울이 지나는 동안 나의 온기가 되어줘요
Bugs 님이 등록해 주신 가사입니다.
가사 오류 제보",103
89,좋은사람,박효신 CONNECT 아티스트,"준비없이 비를 만난것처럼
아무 말 못한 채 너를 보낸뒤에
한 동안 취한 새벽에 잠을 청하며
너를 그렇게 잊어보려 했어
시간이 가도 잊혀지지 않는 너
생각하면서 깨달은 게 있어
좋은사람 사랑했었다면
헤어져도 슬픈 게 아니야
이별이 내게 준것은 곁에 있을때보다
너를 더욱 사랑하는 맘
셀 수 없이 많은 날을 울면서
힘든 가슴을 보이지 않았던 널
끝내 날 나쁜남자로 만들었던 너
어떻게든 미워하려했어
어떤 말로도 미워할수 없는 너
생각하면서 깨달은 게 있어
좋은사람 사랑했었다면
헤어져도 슬픈게 아니야
이별이 내게 준것은 조금 멀리 떨어져
너를 헤아릴수 있는 맘
늦었겠지만 너의 맘 아프게 했던
바보같던 날 용서해 줘
워우워 우
단 한번만 허락해 준다면
나를 믿고 돌아와 준다면
언제나 말하곤 했던
그런 사람이 되어 너를 지켜주고 싶은데
다시 돌아올 수 없겠니
bee 님이 등록해 주신 가사입니다.
가사 오류 제보","124,942"
90,도망가자 (Run With Me),선우정아(Sunwoojunga),"도망가자
어디든 가야 할 것만 같아
넌 금방이라도 울 것 같아
괜찮아
우리 가자
걱정은 잠시 내려놓고
대신 가볍게 짐을 챙기자
실컷 웃고 다시 돌아오자
거기서는 우리 아무 생각말자
너랑 있을게 이렇게
손 내밀면 내가 잡을게
있을까 두려울 게
어디를 간다 해도
우린 서로를 꼭 붙잡고 있으니
너라서 나는 충분해
나를 봐 눈 맞춰줄래
너의 얼굴 위에 빛이 스며들 때까지
가보자 지금 나랑
도망가자
멀리 안 가도 괜찮을 거야
너와 함께라면 난 다 좋아
너의 맘이 편할 수 있는 곳
그게 어디든지 얘기 해줘
너랑 있을게 이렇게
손 내밀면 내가 잡을게
있을까 두려울 게
어디를 간다 해도
우린 서로를 꼭 붙잡고 있으니
가보는 거야 달려도 볼까
어디로든 어떻게든
내가 옆에 있을게 마음껏 울어도 돼
그 다음에
돌아오자 씩씩하게
지쳐도 돼 내가 안아줄게
괜찮아 좀 느려도 천천히 걸어도
나만은 너랑 갈 거야 어디든
당연해 가자 손잡고
사랑해 눈 맞춰줄래
너의 얼굴 위에 빛이 스며들 때까지
가보자 지금 나랑
도망가자
Bugs 님이 등록해 주신 가사입니다.
가사 오류 제보","10,838"
91,사랑의 인사,씨야(SeeYa),"비내리는 거릴 좋아 했었죠 우산없이 나와 함께 걸었죠
다시 내리는 비에 그대 생각나 눈물날 것 같은데

둘이 걷다보면 나를 위해서 습관처럼 왼쪽 편에 세웠죠
내 여자라서 내가 지켜야 한다고 버릇처럼 말했죠

좋은사람 꼭 만날 거라 했는데 그 약속 지키지 못할 것 같아
내겐 그대가 하나뿐이라 다른사랑 못할 것 같아요 
이제는 나를 찾아오지 말라고 가슴에 멍드는 말을 하고서
지나가는 발소리 그대이기를 원하고 또 원하죠

가끔 그대 어깨 기대 잠들면 아무 말도 없이 안아주었죠
고마웠다고 이젠 말할 수 있는데 그댄 어디 있나요

좋은 사람 꼭 만날 거라 했는데 그 약속 지키지 못할 것 같아
내겐 그대가 하나뿐이라 다른 사랑 못할 것 같아요
이제는 나를 찾아오지 말라고 가슴에 멍드는 말을 하고서
지나가는 발소리 그대이기를 원하고 또 원하죠

보고파 소리쳐봐도 그리워 불러도
닿을 수가 없는 그댄가봐 이젠 나를 잊었나봐

그대가 못난 바보라고 할까봐 내 사랑 너무나 아낀 것 같아
괜한 자존심 하나 때문에 사랑한단 말도 못했어요
못잊어 그립다는 말도 못하고 그대가 나를 또 찾지 않을까
지나가는 발소리 그대이기를 원하고 또 원하죠
muzran 님이 등록해 주신 가사입니다.
가사 오류 제보","40,229"
92,귀로,나얼,"화려한 불빛으로 그 뒷모습만 보이며
안녕이란 말도 없이 사라진 그대
쉽게 흘려진 눈물 눈가에 가득히 고여
거리는 온통 투명한 유리알 속

그대 따뜻한 손이라도 잡아볼수만 있었다면
아직은 그대의 온기 남아있겠지만
비바람이 부는 길가에 홀로 애태우는 이자리
두뺨엔 비바람만 차게 부는데

사랑한단 말은 못해도 안녕이란 말은 해야지 ooh~
아무말도 없이 떠나간 그대가 정말 미워요

그대 따뜻한 손이라도 잡아볼수만 있었다면
아직은 그대의 온기 남아있겠지만
비바람이 부는 길가에 홀로 애태우는 이자리
두뺨엔 비바람만 차게 부는데

사랑한단 말은 못해도 안녕이란 말은 해야지 ooh~
아무말도 없이 떠나간 그대가 정말 미워요 

(사랑한단 말은 못해도 안녕이란 말은 해야지)
아무말도 없이 떠나간 그대가 정말 미워요
ktw615 님이 등록해 주신 가사입니다.
가사 오류 제보","57,946"
93,"camus(까뮈) (feat. VINXEN, Skinny Brown)",Panda Gomm,"잊혀지지 않는 기억 안에
가려진 긴 하루
난 구겨진 심장을 다렸어 
우산을 손에 쥔 채 
서로 같이 맞던 비
오늘 날씨가 그래
돌아가고 싶은 건지도 
다 잊었다 
나를 속였는데 
거짓말이 서툰 건지도
아니면 진심이 낯선 건지도
몰라 

I just wanna go back
I just wanna go back at that time
I just wanna go back
I just wanna go back there 
I just wanna go back
I just wanna go back at that time
I just wanna go back
I just wanna go back there 

완벽해 니 생각 하나 빼면 너무 완벽해
완벽해 니 걱정 하나 빼면 너무 완벽해

Imma go with that regardless
멍청히 흐른 줄 알았던 하루가 
어쩌면 제일로 smartest
따뜻한 바람과 네 옆에 털끝이 
내 피부로 스며들어 가
그 때 좀 말할걸 I mean you mine

u taught me how to this and
taught me how to do that 이젠
기억 뒷꽁무닐 쫓는 나 되어버린 술래
너에게 못생긴 추억이 되어버리지 않게
다시금 마음 먹이지만 
hard to remind this and that
가르쳐줘 memories aka u and me

I just wanna go back
I just wanna go back at that time
I just wanna go back
I just wanna go back there 
I just wanna go back
I just wanna go back at that time
I just wanna go back
I just wanna go back there 

완벽해 니 생각 하나 빼면 너무 완벽해
완벽해 니 걱정 하나 빼면 너무 완벽해
Bugs 님이 등록해 주신 가사입니다.
가사 오류 제보",24
94,Broken camper,heyden,"dancing till the sunrise 
like nobody is beside us 
under moonlight
holding your hands watching the sunset 
we talking and laughing under the pink sky
I feel something 
yeah, we dancing and dancing 
like no one is around us 
in a broken camper van 
we're just driving around the town
until we have the sunset 
in our eyes 
 
in a broken van, stargazing
feels like different universe 
you and I and Jennie could do this 
every day under the moonlight 
until the sunrise 
holding hands watching the sunrise 

dancing 
dancing under the moonlight 
until the sunrise greets us
my universe is calling your name 
under the moonlight 
my love
falling under the moonlight
until the sunrise greets us 
my universe is calling your love 
under the moonlight 

dancing with our eyes closed
until we fall asleep under the moonlight 
calling your eyes, watching the sunset 
we loving and loving under the pink sky 
I feel something
yeah, dancing and loving 
like no one is around us 
in a broken camper van 
we're just driving around the town
until we have the sunrise 
in our eyes 

in a broken van, stargazing
feels like different universe 
you and I and Jennie could do this 
every day under the moonlight 
until the sunrise 
holding hands watching the sunrise 

dancing 
dancing under the moonlight 
until the sunrise greets us
my universe is calling your name 
under the moonlight 
my love
falling under the moonlight
until the sunrise greets us 
my universe is calling your love 
under the moonlight 

dancing 
dancing under the moonlight 
until the sunrise greets us
my universe is calling your name 
under the moonlight 
my love
falling under the moonlight
until the sunrise greets us 
my universe is calling your love 
under the moonlight
Bugs 님이 등록해 주신 가사입니다.
가사 오류 제보",16
95,LIKE THAT,BABYMONSTER,"I see that look upon your face
Something my mind cannot erase
If we keep staring
Then I might have to

Might have to start to walk your way
I wanna hear what you would say 
You got high standards
And I do too

Cause all those girls
(They don't)
Know what you need
(They don't)
But I know I know
The way the way
To make to make sure you never leave

If I come close baby would you like that
If I give some would you give it right back
If I show you that I know where it's at
Baby would you like that
Baby would you like that

Say you want love boy I know what that means
Make you feel way better than in your dreams
If I show you that I know where it's at
Baby would you like that
Baby would you like that

Yo it's like that like that
How you run it right back
know you on the right track
Queen ace blackjack
I be thinking way too much
I need to let it go
You be running through my mind
And I'mma let it show

Cause ain't nobody stepping up to me
And saying nothing when I calling you 
Be running eye to eye we never fronting yeah
We zoning bet we stunting 
on and on and on and
To the top baby boy we be rolling

Cause all those girls
(They don't)
Know what you need
(They don't)
But I know I know
The way the way
To make to make sure you never leave

If I come close baby would you like that
If I give some would you give it right back
If I show you that I know where it's at
Baby would you like that
Baby would you like that

Say you want love boy I know what that means
Make you feel way better than in your dreams
If I show you that I know where it's at
Baby would you like that
Baby would you like that

I want you
In my arms
In my arms
My arms
That's where you need to be

In my arms
In my arms
My arms
That's where you need to be

Ah ah ah ah
But I know I know
The way the way
To make to make sure you never leave

If I come close baby would you like that
If I give some would you give it right back
If I show you that I know where it's at
Baby would you like that
Baby would you like that

Say you want love boy I know what that means
Make you feel way better than in your dreams
If I show you that I know where it's at
Baby would you like that
Baby would you like that

If I come close baby would you like that
If I give some would you give it right back
If I show you that I know where it's at
Baby would you like that
Baby would you like that

Say you want love boy I know what that means
Make you feel way better than in your dreams
If I show you that I know where it's at
Baby would you like that
Baby would you like that
Bugs 님이 등록해 주신 가사입니다.
가사 오류 제보",527
96,I Need You,허각,"가만히 눈을 감고 있어도 자꾸 생각나죠
그댄 내게 마치 뜬 구름 같은걸

사랑이란 말로 아직 부족한가요 
내 맘이 위험한가요
그댄 내게 전부가 됐네요

같은 길을 걷고 같은 꿈을 꾸고
나 혼자만 몰래 상상을 하고 oh

그대 곁에 잠든 마치 연인 같은
그대와 내 모습 baby I love you

I need you 
수줍은 나의 고백
오랫동안 몰래
숨겨왔던 노래

I need you 
참 순진했던 고백
너도 좋다면 
가까이 다가와
I need you

울리지도 않는 전화기를 자꾸 보게되죠
그댄 내게 기분 좋은 기대 같은걸

하루만 더 기다리면 답이 올까요
차라리 고백할까요
한걸음만 더 다가와줘요

같은 길을 걷고 같은 꿈을 꾸고
나 혼자만 몰래 상상을 하고 oh

그대 곁에 잠든 마치 연인 같은
그대와 내 모습 baby I love you

I need you 
수줍은 나의 고백
오랫동안 몰래
숨겨왔던 노래

I need you 
참 순진했던 고백
너도 좋다면 
가까이 다가와
I need you

oh I need you only you
그댄 나의 전부 인걸요

Im missing you
Im in love with you
오늘도 내일도 

I need you 
수줍은 나의 고백
오랫동안 몰래
숨겨왔던 노래

I need you 
참 순진했던 고백
너도 좋다면 
가까이 다가와
I need you

I need you 
수줍은 나의 고백
오랫동안 몰래
숨겨왔던 노래

I need you 
참 순진했던 고백
너도 좋다면 
가까이 다가와
I need you
bbbgold 님이 등록해 주신 가사입니다.
가사 오류 제보","5,209"
97,우주를 건너,백예린,"혼자서 널 기다릴 때면
나 혼자 다른 행성에 있는 듯 해
여기서 네가 있는 곳까지
얼마나 오래 걸릴지
난 궁금해 상상이 안돼

내게 좀 더 빨리 와줘
그대가 없는 이곳은 내게는 너무 캄캄해
나 여기서 두 팔 벌려
그대를 안아줄 준비가 돼있어

너와 나 사이의 우주를 건너 내게로
would you like to come over to me
너와 나 사이의 우주를 건너 내게로
날아 와줘 더 이상 기다리게 하지마 

I’m waiting for you now eh eh 
Baby I need you now eh eh 
I’m waiting for you now eh eh 
Baby I need you now 

저 멀리 널 보고 있으면
너와 나는 다른 생각을 하는 듯 해
여기서 언제까지 난 기다리고 있어야 하는지 
궁금해 답답하기만 해

내게 지금 빨리 와줘
그대가 없는 이곳은 내게는 너무 막막해
꼭 잡은 손 그대를
놓치지 않을 준비가 돼있어

너와 나 사이의 우주를 건너 내게로
would you like to come over to me
너와 나 사이의 우주를 건너 내게로
날아 와줘 더 이상 기다리게 하지마 

I’m waiting for you now eh eh 
Baby I need you now eh eh 
I’m waiting for you now eh eh 
Baby I need you now 

멀리 있는 것만 같아도
손 내밀면 잡힐 듯한 그대 그림자
그댈 꼭 안고 내 마음 느낄 수 있도록 
놓지 않을래 I’m waiting for you now

너와 나 사이의 우주를 건너 내게로
would you like to come over to me
너와 나 사이의 거리 그 사이의 우주 가득히
너로 채울게 나에게 다가와

I’m waiting for you now eh eh 
Baby I need you now eh eh 
I’m waiting for you now eh eh 
Baby I need you now 
Baby I need you now 
Baby I need you now
Bugs 님이 등록해 주신 가사입니다.
가사 오류 제보","18,018"
98,instagram,DEAN(딘),"내일이 올 걸 아는데
난 핸드폰을 놓지 못해
잠은 올 생각이 없대 yeah
다시 인스타그램 인스타그램 하네
잘 난 사람 많고 많지
누군 어디를 놀러 갔다지
좋아요는 안 눌렀어
나만 이런 것 같아서
저기 인스타그램 인스타그램 속엔
문제야 문제
온 세상 속에
똑같은 사랑 노래가
와 닿지 못해
나의 밤 속엔
생각이 너무 많네
복잡해
틈 만나면 바뀌는 게
관둘래
이놈의 정보화 시대
단단히 잘못됐어
요즘은 아는 게 더
괴로운 것 같은데
가면 갈수록
너무 어려워
나만 이런 건지
클럽 말고 뭐
영화 말고 뭐 없나 하다
결국 동네
내 맘에는 구멍이 있어
그건 뭘로도 못 채우는 것 yeah
난 지금 가라앉는 중 인걸
네모난 바닷속에서
문제야 문제
온 세상 속에
똑같은 사랑 노래가
와 닿지 못해
나의 밤 속엔
생각이 너무 많네
뚜루루뚜 뚜루루뚜
뚜루루뚜 뚜루루뚜
All night
그렇게 시간 낭비를 하네
저 인스타그램 속에서
Lonely lonely so lonely
원래 이리도 힘든가요
No way no way
이 피드 속엔
나완 다른 세상뿐인데
부질없이
올려놓은 사진
뒤에 가려진 내 마음을
아는 이 없네
난 또 헤매이네
저 인스타그램 속에서
그래 너는 요즘 어때
잠 못 자는 건 여전해?
자른 단발이 참 예쁘던데
좋아요는 안 눌렀어
조금 웃긴 것 같아서
뚜루루뚜 뚜루루뚜
뚜루루뚜 뚜루루뚜
All night
그렇게 시간 낭비를 하네
네 인스타그램 속에서
Bugs 님이 등록해 주신 가사입니다.
가사 오류 제보","19,542"
99,친구로 지내다 보면 (Feat. 김민석 of 멜로망스),BIG Naughty (서동현),"친구로 지내다 보면
계속 네 옆에 있다 보면
언젠가는 나에게도
기회가 오지 않을까 했어
친구로 지내다 보면
네 눈에 비친 나를 보면
언젠가는 나의 눈에도
네가 있지 않을까 했어
친구로 지내다 보면
네 눈을 보고 있다 보면
슬픔이 드리워져
내 눈에는 네가 없어서
그땐 너무 취해서
아무 말이나 했어
잊어주면 해서
일부러 연락 피했어
기분이 뭣 같아서
위로해 줬으면 했어
근데 넌 헤어졌단 얘기를
하필 내 앞에서
알아 나도 너와 나
가질 수 없는 건
단 하나 다름 아닌
사랑이라는 그 사실을
알고 싶지 않은데
아니 끝내 믿고 싶지 않았는데
친구로 지내다 보면
계속 네 옆에 있다 보면
언젠가는 나에게도
기회가 오지 않을까 했어
친구로 지내다 보면
네 눈에 비친 나를 보면
언젠가는 나의 눈에도
네가 있지 않을까 했어
친구로 지내다 보면
심심하게 전한 미안하단 말과
씁쓸하게 답한 괜찮다는 나와 넌
뻔뻔하디 뻔한
결말로 끝나는 동화
울다 지쳐 잠든 나와
꼭 그때 울리는 네 전화
빽빽하지 너에 대한 기억이
한 켠에다가 다 모아 가지런히
한 번으로도 족한 Love story
아니 한 곡으론 부족한 Full story
백이면 백 다 맞춰줬지 네게
그 덕에 해가 지면 그제야 아침인 내 시계
또 아직 아물지 않은 상처에 흠집을 내는
너 덕에 웬만한 사랑엔 아프지 않아 이젠
친구로 지내다 보면
계속 네 옆에 있다 보면
언젠가는 나에게도
기회가 오지 않을까 했어
친구로 지내다 보면
계속 네 옆에 있다 보면
언젠가는 나에게도
기회가 오지 않을까 했어
친구로 지내다 보면
네 눈에 비친 나를 보면
언젠가는 나의 눈에도
네가 있지 않을까 했어
친구로 지내다 보면
Bugs 님이 등록해 주신 가사입니다.
가사 오류 제보","1,339"
